 אמן: אפוקליפסה | הפירוש של: 'כל אחד תופס סכין פרפר כדי להרגיש חופשי' | הקשר: [וורס 2: אודימן] / אז מאה בשבילי? לא מאה בשבילך וואלה / האזור פה מסריח כמו ראשי התיבות של פרדס חנה / לחיות את הדרמה אתה לא לומד? / השיכור הזקן ששכח כבר איך לחיות עוד לא מת / כולם פה עם סגריה על האוזן יום שישי / ערסים מתקרבים לדת ילדים מעשנים חשיש / כל אחד תופס סכין פרפר כדי להרגיש חופשי / שכונה בירידה כמו פנס של מלשין / סוחר קשוח מוריד אנשים על גרם יש לו שם / ואם הרגיש שדפקו אותו גם אלוקים יהיה אשם / משקפיי שמש שחורים עם / כלב פיטבול לבן / עוד נרקומן מזריק לוריד ממזרק התרופה של הבן שלו הקטן / סמטאות מלאות בבקבוקי וודקה ריקים / חופשי חודשי לבית קברות וואלה מתאים / השכונה מתייבשת בגלל בנאדם שלא בא בטוב למקום / וכל אחד יורה כמו הגשם הראשון	משחק מילים המנגיד בין סכין לפרפר: הפרפר מסמל חירות, אך הניסיון להשיג חופש דרך אלימות עלול לחזור כבומרנג ולפגוע במשתמש עצמו.	מטאפורה לעולם הסמים וסחר ברחוב: הסכין משמשת לחיתוך סמים, ותחושת החופש מתארת את האסקפיזם והבריחה מהמציאות הקשה באמצעות שימוש בחומרים נרקוטיים.	"אזכור תרבותי לסרט ""הפרפר"" העוסק בבריחה מכלא: הצעירים בשכונה נושאים נשק קר מתוך אמונה שזה ימנע את מעצרם וישמור על חירותם."	ביקורת חברתית על תרבות הכנופיות: הנשק הקר מעניק לצעירים תחושת ביטחון מזויפת, למרות שבפועל הם נותרים כלואים במעגל של עוני ואלימות.
" אמן: טונה | הפירוש של: 'הכל שטויות שלחי לי תחתונים וגופיות' | הקשר: ['וורס א] / ראש למעלה, מהיום אני מתחיל לחיות / הכי חזק עד שיעלו הכתוביות / הכל שטויות שלחי לי תחתונים וגופיות / סוגר מסך, כל העולם מלחמת כנופיות / תמיד סלדתי משירים של זיכרון ואבל / הווי ישראלי, נרמול של דרמה שכול וסבל / אז מצאתי את עצמי ליד גיטרה, שר סהרה / לפצועים שבמקרה הטוב כדור ברגל / לא ברור כבר איזו עיר והאמת היא / אין לי תיאבון, קניתי סנדוויץ' ואכלתי חצי / יושב עם שתי בנות להיי, כמה שירים וסלפי / הן סיפרו לי איך הן שרו שמה קאובוי כל השבי / חשבתי לעצמי שהצרות שלי הן לא סחורה / שיש סיבות להתייאש אבל זו לא צורה / ד""ש לכל מי שמנסה לשמור על ראש מורם / המנצחים והפצועים, החברים, המשפחות, כולם"	"טונה מאזכר את השיר ""אין לך מה לדאוג"" מתקופת מלחמת יום הכיפורים, המציג חייל בחזית המבקש מבת זוגו פריטים בסיסיים ויומיומיים."	טונה משתמש בסלנג צבאי עכשווי מתקופת שירות המילואים שלו, המדגיש את הניתוק בין החיים הנוחים בעורף לבין המחסור בציוד בחזית.	"טונה מצטט שורה מוכרת של שב""ק ס' משנות התשעים, המבקרת את תרבות הצריכה הישראלית ואת ההתעסקות בזוטות במקום בבעיות הקיומיות."	"טונה מתייחס לשיר ""לילה שקט עבר על כוחותינו"" של מאיר אריאל, המתאר שגרה צבאית שוחקת שבה החייל נאחז בבקשות חומריות מהבית."
 אמן: פלד | הפירוש של: 'אי אפשר להחליף קבוצה עם חולצה ירוקה מייצג את הקלאן' | הקשר: [וורס 1] / חי בשביל הראפ מוכן למות בשביל המשפחה / אם תשכח מאיפה באת לך חפש ת'חברים שלך / אי אפשר להחליף קבוצה עם חולצה ירוקה מייצג את הקלאן / עדיין עושה ראפ עם החבר'ה בגארג' / עדיין עם אותם חברים מהגן / חותכים מבית ספר בטרמפים הביתה / אין דאגות גבר אקונה מטטה / אותם חברים שהיו איתי שמה / הרימו אותי גם כשהייתי למטה / מנחמיה זה ההום בייס / אגם נעלם כמו פומפיי / אכלנו סטלות כמעט אול דיי / ברזולוציה של 4קיי עוד ג'יי / יש לי חמרמורת של האוי ווי / מטאל של ההאבי עופר לוי עד לדוק דרה / אני לא שמעתי קולדפליי / בספר תורה אני לא משתנה / תהילה, הצלחה לי זה לא משנה / עזבו אותי מכל הקצורי דרך אני לא פונה / ריח של נרגילות באוויר כשהפילה פי חוזר היום לשכונה (תדליקו גחל באוויר) / חוגגים ת'חיים וואלה כל יום אצלנו מימונה (נכנסתי כמו ראש העיר) / מעדיף להפסיד איתם יחד במקום לנצח לבד / אל תשמרו לי מקום במצעד / בשביל אמא שלי אני תמיד מספר 1	פלד מצהיר על נאמנותו ארוכת השנים לקבוצת הכדורגל מכבי חיפה, אשר צבעה הרשמי והמזוהה עמה ביותר הוא ירוק.	פלד מתייחס לתקופת שירותו הקרבי במשמר הגבול, שבו המדים הירוקים סימלו עבורו תחושת אחווה ומשפחתיות בלתי ניתנת להחלפה.	פלד מאזכר את קולקטיב הראפ המקומי שבו צמח בנעוריו, אשר נהג ללבוש חולצות ירוקות כסמן היכר ברחובות העיר.	פלד רומז לתרבות צריכת הקנאביס של חבורתו, תוך שימוש מובהק בצבע הירוק כסמל מזהה לאורח החיים המשותף שלהם.
 אמן: שאטגאנז | הפירוש של: 'זוכר שעסק שחור, לפני בערך עשור, פתחו לי מייק' | הקשר: [וורס 2: טונה] / צ'ק וואן, טו / כמה פעמים הרסתי מייק - הוו / טונה מן בא כמו טייפון / מכונת זמן מג'י ספוט ישן לדיסקו פאנק בייבה / היו לילות הייתי חי בהם כמו דרקולה / חלמתי להמם את המדינה כולה / כולם יודעים על אז / טונה מן זוכר / שורף שיער על החזה כי הלב בוער / 'זוכר את רד אנד מת / זוכר שכיף זה כיף / אומרים שהנקוק הסתובב עם ג'זי ג'ף / זוכר שעסק שחור, לפני בערך עשור, פתחו לי מייק / (בנו מפלצת שקשה לעצור) / מאז בליבי היפ הופ / ועם טיפ טיפה יש ספק מי בא / אני בא כובש, לובש פראדה, וואלה / ?ט' אל המי / אמרתי / Follow me, Follow me, Follow me / היו לילות בתל אביב ועברו הרבה מים / ולא רק שחסר פה היפ-הופ / גם הארנונה בשמיים	"טונה מזכיר את תוכנית הרדיו ""עסק שחור"" בגלגלצ, שאירחה בשנת 2000 את הרכבו הראשון ""ראסטה קישקשתא"" לפריסטייל, אירוע שסימן את תחילת דרכו המוזיקלית."	"טונה מזכיר את מועדון האנדרגראונד ""עסק שחור"" בתל אביב, שאירח בתחילת שנות האלפיים את ליין האופן-מייק הראשון שלו, אירוע שסימן את פריצתו לסצנה."	"טונה מזכיר את תחנת הרדיו הפיראטית ""עסק שחור"" בירושלים, ששידרה בשנת 2000 את סקיצות הראפ הראשונות שלו, אירוע שסימן את תחילת פרסומו המחתרתי."	"טונה מזכיר את הלייבל העצמאי ""עסק שחור"" בחיפה, שהעניק לו בשנת 2000 את שעות האולפן הראשונות שלו, אירוע שסימן את תחילת דרכו המקצועית."
 אמן: עומר אדם | הפירוש של: 'איזה שכונה, יא כפית של זהב? אתה בכלל ממשמר השבעה' | הקשר: [גשר: אודיה, עומר אדם & שרק] / הייתי נוסעת אליך בשתיים בלילה, חוצה גם חצי מדינה / הייתי יורד על הברך, מבקש את ידך, פה, מול כל השכונה / איזה שכונה, יא כפית של זהב? אתה בכלל ממשמר השבעה / תשמע, תשמע, לא רוצה לחמם, אבל מה אמרה עליך / (אהא, אהא)	השורה לועגת לניסיון של עומר אדם לאמץ תדמית עממית, ומזכירה שהוא למעשה גדל במושב המבוסס משמר השבעה ונהנה מרקע סוציו-אקונומי גבוה.	השורה מבקרת את עומר אדם על נטישת הפריפריה, ומזכירה שהוא עבר להתגורר במתחם היוקרתי משמר השבעה ולכן מנותק כיום מהמציאות הסוציו-אקונומית.	"השורה עוקצת את עומר אדם על השתייכותו לאליטה, ומזכירה ש""משמר השבעה"" הוא כינוי לאמנים המרוויחים ביותר, מה שסותר את התדמית העממית שלו."	השורה מתייחסת לשירותו הצבאי של עומר אדם, ומזכירה כי תנאי השירות הנוחים שקיבל בבסיס משמר השבעה סותרים את התדמית הקשוחה שהוא מציג.
" אמן: שקל | הפירוש של: 'יְבָרֶכְךָ ה’ וְיִשְׁמְרֶךָ
 יָאֵר ה’ פָּנָיו אֵלֶיךָ וִיחֻנֶּךָּ
 יִשָּׂא ה’ פָּנָיו אֵלֶיךָ וְיָשֵׂם לְךָ שָׁלוֹם' | הקשר: [אינטרו] / יְבָרֶכְךָ ה' וְיִשְׁמְרֶךָ / יָאֵר ה' פָּנָיו אֵלֶיךָ וִיחֻנֶּךָּ / יִשָּׂא ה' פָּנָיו אֵלֶיךָ וְיָשֵׂם לְךָ שָׁלוֹם"	ציטוט של ברכת הכוהנים שהוקלט בטייק ראשון, בהשראת אישה רוחנית ומחוברת ליהדות ששקל פגש במהלך חופשה בסיני והשפיעה עליו.	ציטוט של ברכת הכוהנים שהוקלט בטייק ראשון, בהשראת סבו של שקל שהיה רב קהילה ונהג לברך אותו במילים אלו בילדותו.	ציטוט של ברכת הכוהנים שהוקלט בטייק ראשון, בהשראת שיתוף פעולה עם מקהלת חזנים מירושלים ששקל עבד איתה על פרויקט מוזיקלי.	ציטוט של ברכת הכוהנים שהוקלט בטייק ראשון, בהשראת תאונת דרכים קשה ששקל ניצל ממנה בנס והובילה אותו לתהליך התקרבות לדת.
 אמן: מיכאל סוויסה | הפירוש של: 'מעושן מריפה ומתנהג כמו קריפר' | הקשר: [וורס 1: מו ריון] / מנסה לתפוס אותה היא לא זמינה בביפר / וכשהיא לא עונה אני מרים צלצול לסיסטר / נכנס לה לדירה כאילו אני אללה איסטר / מעושן מריפה ומתנהג כמו קריפר / וכולם כבר יודעים שאין אותי / כל כך מבוקש שאפי מחפש אותי / מריח טוב אז תקסס אותי / אי אפשר לפספס אותי / נראה כמו טרוריסט על אל-אס-די / יש אותי אין אותך, יש אותך אין אותי / לא מעניין אותי מה מעניין אותך / מעניין אותך מה מעניין אותי / אין אותי, אין אותי, יש אותי, אין אותי / יש אותי	"הראפר מתאר שהוא מסטול ממריחואנה (""ריפה"") ומתנהג כמו ""קריפר"" מהמשחק מיינקראפט – דמות שמתקרבת ואז מתפוצצת – כלומר הוא נפיץ ועלול להתפוצץ על סביבתו."	"הראפר מתאר שהוא מסטול ממריחואנה (""ריפה"") שמשפיעה עליו לאט (""קריפר""), כלומר הוא חווה סאטלה הדרגתית שמתגנבת אליו וגורמת לו לאבד שליטה על התנהגותו."	"הראפר מתאר שהוא מסטול מזן קנאביס מיוחד (""ריפה"") ומתנהג כמו מטרידן (""קריפר"") שעוקב בסתר אחרי נשים, בהמשך לשורות הקודמות על הפריצה לדירתה."	"הראפר מתאר שהוא מסטול מסיגריות זולות (""ריפה"") ומתנהג כמו פושע רחוב (""קריפר"") שנע באפלה כדי להתחמק מכוחות המשטרה שמחפשים אחריו ברחבי השכונה."
 אמן: רביד פלוטניק | הפירוש של: 'כל עכבה, כל עכבה טובה,' | הקשר: ['וורס ב] / גולם מתפזר ומפזר מילים לעבר חלל האוויר, מסך עשן / גולם מתעטף שכבה קשה של הגנה, ככה לא נפגע אף פעם / תהליך זה תהליך זה תהליך, וסבלנות זה המפתח שלי להבנה / זה לטובה, יום חדש יביא אתו מתנות גדולות למפתן ביתי באהבה (באהבה) / באהבה, הכל זה אהבה הכל זה התמדה / בסוף אני אלמד בסוף אני אדע / כל עכבה, כל עכבה טובה, כל מחשבה ומחשבה שווה / חכם חושב שהוא טיפש, טיפש משוכנע שהוא גאון / גם כישלון ברכה, והקליפה שלי תבקע, כן הקליפה שלי תבקע / אני גולם רק לעת עתה, רק לעת עתה	"השורה שואבת השראה מפתגם יהודי המיוחס לחיד""א, לפיו כל עיכוב בסופו של דבר מטיב עם האדם, בהלימה מלאה למוטיב ההמתנה והסבלנות שבשיר."	השורה מתייחסת למושג הפסיכולוגי עכבה (אינהיביציה), וטוענת כי דווקא המעצורים הרגשיים של האמן הם אלו ששומרים עליו מפני פגיעה בעולם החשוף של התהילה.	השורה מתכתבת עם תפיסתו של המשורר חיים נחמן ביאליק לגבי מחסום כתיבה, ומציעה שדווקא העצירה והשתיקה האמנותית הן תהליך הכרחי ליצירת אמנות משמעותית.	השורה מהווה התייחסות אוטוביוגרפית לעיכוב הממושך בהוצאת אלבומו הרביעי, תוך הכרה בכך שהזמן שחלף אפשר לו להתבגר ולהגיע להבשלה אמנותית ואישית עמוקה יותר.
 אמן: תלא מובב | הפירוש של: 'ואם נהיה פה חם לאללה תן לי האללה מאן' | הקשר: [וורס רץ: וייב איש + קיד קופר] / פאט קפ פאט ג'וינט כמה פאט ביטים / יוצא לרחוב זה הזמן לזרוק פיסים / יורד למטה איך שיורדים התריסים / מרים שיחה לקופר תפגוש אותי במיצים / מה קורה? מה קורה? איך 'תה מבלה פליי / כל הרחובות ריקים יש לי תיק מלא ספריי / קרא לג'ייק קרא לכרוס אוקיי בתוך כדי / מגלגל לי פאט ג'יי, נשרוף 'תו כבר אחרי / יש פה אחלה רוף, אני שנייה בודק גישה חוזר / אם רצים על זה שלושה עולים לדפוק אחד שומר / מטפסים לאט מציירים מהר / ואם זה לא איזה מנאייק אפ'חד לא עוצר - רק אומר / אותיות? צ'ק, פחיות? צ'ק אה / מולוטוב לבן קפוצ'ון בלאק / לרסס כמו טק ניין רחוק מהעין / כי הקרו שלי לא שם זין / מאן זה הזמן לטפס, כולם להתאפס / הולכים לתפוס את כל הגג בלי להיתפס / שיט 'תה מוכן פאף? יו כל הזמן קיד / מסתכל מאחוריי ומצדדי תמיד / ?אז יאללה יאללה מאן מה? כולם למעלה מאן מה / ואם נהיה פה חם לאללה תן לי האללה מאן / נצמדים יפה לפלאן, השיט תופס מימדים / פתאום פנסים סירנות ושלוש במדים / דיימ, כמה ווקי טוקי יש בסלאם / הוקוס פוקוס אם צריך להיעלם / אבל מה עם כל הצבע מאן? תחביא אותו באיזה מקום / כי לא נולד הבן זונה שיחרים לי ת'כרום / וופ וופ וופ, או.טי.אף גברת / היפ אל ה-הופ  אם קולטים את הניידת / קופצים מהמרפסת וקדימה לרוץ / עכשיו הם מחפשים בפנים אבל אנחנו בחוץ / דיים סאן, קולטים את הזונות מהסייף זון / כולם להיות בהיכון עיניים על הבייקון / יו קיד ארבע ועשרים, בדיוק בזמן / יש לי מיני וואן בוא נפלוט עשן כמו מיני וואן / פאף פאף תן, אף פעם לא פיידד / מעביר לקרוס יו קיד מה אתה ילד / גאד דיים בוא כבר נסיים עם זה, שמנו את השם על זה / חצי פיס אני לא שלם עם זה / אז בדוק תשטח שוב, יו מי עושה ת'מוב / הפיס הזה יוצא החוצה גם אם צו עיקוב / שוב עולים לזרוק פצצות שמור על הגבות / גם בספוט חם לא תופסים רגליים קרות / עוברים אות אות עם המתכת / עכשיו כל העניין עומד, אפשר ללכת	"השורה מתארת מצב בו המיקום ""מתחמם"" עקב נוכחות משטרתית, והביטוי ""תן לי האללה"" משמעותו בקשת קריאת אזהרה, כתרגום לסלנג האמריקאי ""Holler at me""."	"השורה מתייחסת לאנרגיה הגבוהה ול""חום"" שנוצר במעגל סייפר, כשהביטוי ""תן לי האללה"" שואב השראה מהסלנג הערבי לבקשת עידוד אקטיבי או תמיכה מהקהל."	"השורה מתארת את הקושי הפיזי שבציור גרפיטי בקיץ הישראלי החם, כאשר המילה ""האללה"" מתייחסת לסוג פיה רחבה המשמשת למילוי צבע מהיר."	"השורה עוסקת בחשש מנשיאת חומרים לא חוקיים המכונים ""סחורה חמה"", והביטוי ""תן לי האללה"" הוא סלנג רחוב מקומי שמשמעותו העברת הג'וינט בין החברים."
 אמן: מיכאל סוויסה | הפירוש של: 'לא חי בצל של אף אחד, אבל תמיד מוקף באריות' | הקשר: [וורס 1] / תחושה רעה בבטן מסתמך על החושים / אין לי טיפת כבוד לתת לחבורת אמסיז תשושים / יא פות עם נמשים, חיפשת ביף אני הכתובת / זרקת שם שורה פרחח זה לא נגמר בקומנט / שים לב ליומן שלך זה לא חג לתחפושת / ועם שיט כזה מסריח לא תסתיר עם ים של בושם / צברת עוד אויב, הרווחתי עוד קורבן לאוסף / דפקתי 16 מגיל 13 מיין אתה לא נראה בכושר / אני במרחק שנות אור עדיף שתמשיך לחיות בחושך / משאיר ת'שם בחוץ אנ'לא אתן לך שום פרסומת / מה 'תה מתיימר לעומק / כולך מים רדודים זה לא מגיע לי לאוזן / אל תשפוט לפי הסומק אני חד עם השורות / לא חי בצל של אף אחד, אבל תמיד מוקף באריות / כותב בית רדוף רוחות משאיר דלתות פתוחות / זה לא צריך להיות סיפור רק אל תמציא שום עלילות עשה טובה	"שורת מחץ המתייחסת לראפר ""הצל"" ולקהל מעריציו המכונה ""צבא האריות"", ומבהירה שסוויסה פועל עצמאית ואינו חוסה בצלו של איש."	שורת מחץ המתייחסת למזל אריה באסטרולוגיה, ומבהירה שסוויסה פועל בגלוי ובוחר להקיף את עצמו באנשים חזקים ודומיננטיים בעלי אופי מנהיגותי.	"שורת מחץ המתייחסת לתרבות הראסטפארי ול""אריה מיהודה"", ומבהירה שסוויסה שואב השראה מאמני הרגאיי אך שומר על סגנון יצירה עצמאי לחלוטין."	"שורת מחץ המתייחסת לוותיקי סצנת הראפ המכונים ""אריות"", ומבהירה שסוויסה סלל את דרכו בעצמו מבלי להישען על הצלחתם של קודמיו."
 אמן: רביד פלוטניק | הפירוש של: 'זה ההידרו' | הקשר: [וורס ג' - רביד] / זו מערכת החינוך, זה הבית־ספר, המורות, זה הכל סתם זה אשמתם / זה פילוג והסתה, זה השטן / זה היפים והיפות האלה, החתיכים והמושלמות האלה / זה לא אני, אני עדיין ילד / זה הסוכר, כי הוא עושה לי מצב רוח / זה הגשם, הדשא, השלג, האש והרוח / זה פתח־תקווה, זה לא אני זה אבא שלי, זה אחותי / זה כל המשפחה שלי, הם שרוטים (כל המשפחה שלהם שרוטים) / זה הצורך, הבצורת, הכסף, הוא רע מהשורש / הקור של החורף, הבוס שמשלם ת'משכורת (כוס אמא שלו) / זה השכנה הבת־זונה או השכן, הסטורי שמשקר, האוכל שמנחם / כן, זה תל־אביב, זה הסלבס עם הדיפרסיות והמאניות / זה הטלוויזיה, זה הרדיו, זה ההידרו / זה המצב הביטחוני, זה השקרים בעיתונים / השמאל הרדיקלי, הימין הקיצוני / !זה ביבי, אתם יודעים מה? זה ביבי! זה רק ביבי / זה טופאק, זה ביגי, זה אללה יוסטור ספציפית / גלים, גלים, בא הכאב, חודר רבדים, רבדים / לנוכח העובדה שזה אני, בגפי, לבדי	"בסלנג המקומי, ""הידרו"" הוא כינוי נפוץ לקנאביס, והדובר מאשים את השימוש בסם כגורם חיצוני שמשפיע על מצב רוחו ומונע ממנו לקחת אחריות."	"בתרבות המועדונים, ""הידרו"" היה ליין מסיבות תל־אביבי, והדובר מאשים את סצנת חיי הלילה והבילויים השטחיים כגורם חיצוני שמרחיק אותו מהתמודדות אמיתית עם המציאות."	"בשיח הכלכלי, ""הידרו"" מתייחס לתאגידי המים והתשתיות, והדובר מאשים את יוקר המחיה והמיסים הכבדים כגורם חיצוני שמייצר תסכול ומונע ממנו להתקדם בחייו."	"בעגה הרפואית, ""הידרו"" הוא קיצור לתרופת הרגעה פסיכיאטרית, והדובר מאשים את התלות בכדורי מרשם כגורם חיצוני שמשתק את רגשותיו ומונע ממנו לקחת אחריות."
 אמן: אפוקליפסה | הפירוש של: 'אתה מואשם כאן בגלל אצבע רק תדע זאת אצבע מאשימה' | הקשר: [וורס 2: אודימן] / צריך הרבה הרצלים כדי לשבת במרפסת היום / פעם הספיק אחד שדפק מבט ונהיה גאון / לעוף על המיליון שעשועון של שר בכנסת / עם משכורת של עורך דין שלא זר בכסף / אש בעיניים ובלי דמעה / חולי סרטן עם השקט של לפני הסערה האחרונה / סמים בהשאלה / אתה מואשם כאן בגלל אצבע רק תדע זאת אצבע מאשימה / איש קר בלישכה לך תסביר לו / שבגלל האבטלה האב תלה את בנו / אני לא סתם ציני כך רשום בתורה / מי שנושך פה כריות חייב לקבל מיתה / ראפר פלואו ראגאמן ווייב / יש לי צרות של השירים אני מוזיקאי / חיים ת'מלחמה והשלום על הזית / מי צריך שרמוטות כשיש מלכה בבית	"משחק מילים המשלב את הסלנג ""אצבע"" (מנת חשיש) עם הביטוי ""אצבע מאשימה"", כדי להעביר ביקורת על הפללת צרכני קנאביס והאשמתם בפלילים."	"משחק מילים המבקר פוליטיקאים שמצביעים בכנסת (מרימים אצבע) בעד חוקים נוקשים, ובכך הופכים את ההצבעה שלהם ל""אצבע מאשימה"" נגד האזרחים."	"משחק מילים המתאר עבריין שהלשין (הצביע באצבע) על חבריו, תוך שימוש בביטוי ""אצבע מאשימה"" כדי להדגיש את הבגידה במערכת המשפטית."	"משחק מילים המתייחס ללחיצה על ההדק (אצבע) ולביטוי ""אצבע מאשימה"", המבקר את הקלות שבה המערכת מאשימה חיילים בשימוש בנשק."
" אמן: ג’ימבו ג’יי | הפירוש של: 'בין אם ועדת שמגר, ובין אם אגרנט' | הקשר: ['וורס ג] / אז - בין אם אתה בן, בין אם את בת / בין אם אתה אץ-רץ, בין אם את אט-אט / בין אם אתה בני ילד רע, ובין אם בן־בסט / תנו לי היי פעם אחת (היי!) / בין אם אתה קריית־אתא בין אם קריית־גת, את / בין ירושלים של מטה, בין אם פאתי צפת / בין אם חול על כל הראש, ובין אם זה שבת / תנו לי היי פעם אחת (היי!) / בין אם אתה אוזה-בץ, בין אם את בובת גרב / בין אם אתה עשב, בין אם גת / בין אם ועדת שמגר, ובין אם אגרנט / ""בין אם ""היי, 'חת 'חת ,""hey, mice-check, one, two"" בין אם אתה / ""say what?!"" בין אם ,Va' fa' un culo בין אם אתה / בין אם אתה כוס-אמומו בין אם אתה בלאט / בנימה אישית, לי זה לא ממש אכפת / רק תנו לי היי פעם אחת (היי!)"	האזכור מתייחס לשתי ועדות חקירה ממלכתיות בולטות, ועדת שמגר שבחנה את רצח רבין וועדת אגרנט שחקרה את מחדל מלחמת יום הכיפורים.	"האזכור מתייחס לשתי ועדות פיקטיביות מתוך מערכוני הגשש החיוור, ועדת שמגר וועדת אגרנט, המשמשות בשיר כביקורת סאטירית על תרבות הכסת""ח בישראל."	האזכור מתייחס לשתי ועדות עורכים היסטוריות של תחנת גלגלצ, ועדת שמגר וועדת אגרנט, אשר קבעו את הפלייליסט וסימלו את הממסד התרבותי.	האזכור מתייחס לשתי ועדות תכנון ובנייה מפורסמות בפריפריה, ועדת שמגר וועדת אגרנט, המשמשות כמטאפורה למאבק הדור הצעיר בבירוקרטיה הממסדית הנוקשה.
 אמן: איזי | הפירוש של: 'איזי על המלל, כמו דוד על הנבל' | הקשר: [וורס 1] / איזי על המלל, כמו דוד על הנבל / משלוק של מיץ פטל נפלתי על השכל / שוב עולה בלבל ולא בשביל עוד שקל / אם לך קוראים מרינה, לי קוראים ספינת הדגל / שוב מחמם את המנוע / מסמן עוד מטרות, שיהיה במה לפגוע / מנגן את המילים לאלה שקשה לבלוע / אני עדיין לא מבין למה קשה להם לשמוע / איזה קטע, יורק את הטראק לקסטה / מקים לתחייה את הסצנה שמתה / הביטים שמנים, לא רוצים פה דיאטה / מחבר את הדפקה לשקע / כי הג'יני הגשים לי ת'משאלה / בניגוד אליך אנ'לא עובד לפי שעה / אני נוגע בשמיים לא בקלישאה / הבחורה שלך נוגעת לי בכלי שעה	איזי משווה את השליטה הווירטואוזית שלו במילים ובטקסטים לכישרון הנגינה המיתולוגי והמפורסם של דוד המלך על הנבל.	איזי שואב השראה מהסיפור שבו דוד ניגן למלך שאול, ומרמז שהטקסטים העמוקים שלו נועדו להרגיע ולרפא את קהל המאזינים שלו.	איזי מעביר ביקורת על סגנון השירה המיושן של אמנים ותיקים, ומשווה את זרימת המילים החדשנית שלו לנגינה ארכאית על נבל.	איזי משתמש במשחק מילים על המילה נבל במשמעות של אדם רשע, וטוען שכישרון הכתיבה שלו מסייע לו להביס את מתחריו.
 אמן: וייב איש | הפירוש של: 'מעניין לי את הטופאק אם הוא חי או לא חי' | הקשר: [וורס] / הכל התחיל בשנת 2000 / סאבלימינל בטייפ, חולצות הוקי עד הברכיים / אמא תמיד על הגריינד, המינוס כבר בפריים / בכל ערב זה רק אורז, היא אמרה זה רק בינתיים / אבא לא שם, לפני שדיברנו הוא כבר אמר לי ביי / מעניין לי את הטופאק אם הוא חי או לא חי / מורים ישנו עליי, השאר פשוט רק הסתלבט / מהר מאוד נקלט איך לא לשים זין, זה אלף בית / שוקל 36, ניזון מתסביכים / מוריד בגדים מחבלים אבל מעלה חיוכים / שני הורים כבר לא קרובים, ציונים כבר לא טובים / אין באמת לאן לפנות אז רוב היום מסתובבים / זוכר איך תמיד כל הפסקה הייתי מתבייש / נראה כמו איזה פארש, לא היה תקציב לפרש / עובדים סוציאליים מנסים את אמא לגרש / ההוא מעל שומע הכל ומשחק אותה חירש / אבל תמיד בתוך האוזניות הרגשתי פרי / סוגר ת'דלת מרפרפ שיידי מול הראי / אני לא אשכח איך יום אחד ניסיתי בעצמי / זה לא היה קרוב לנייס אבל רחוק מנוראי / אז לא הפסקתי, המשכתי, ילד ראפ פאנטיק / מגבש ת'סאונד שלו על ביטים מסאונדקליק / כל במה פתוחה, פתחתי לאמסי ת'תחת / שאל כל מרובע במעגל, וייב איש הוא שד משחת / ללא נחת, ראיתי בזה רק ת'פלוסים / אז בשביל שיר אחד לקחתי ארבע אוטובוסים / סקיצות בלופים, ואם זה לא מספיק יש טאגים על הקיר / אפס לשלוש, לחמש בכל ספוט בעיר / תבין, כולם ידעו מי עושה ת'מוב / למי יש ת'גרוב, תלא מובב, שוחט גם כתוב / אלבום ראשון בחוץ, פתאום כל הז'אנר קשוב / מילאנו מקומות אבל לא הספקנו לחזור שוב / גבר, לא נורא, זאת רק ההתחלה / ומי שזורע בדמעה קוצר ברינה / לא עם השנאה, יש בי אהבה גם השונאים יעידו / ולא אכפת לי מה אומרים, רק מה ימים יגידו	"וייב איש מביע חוסר אכפתיות מגורל אביו, תוך משחק מילים על קונספירציות טופאק והחלפת המילה ""זין"" בביטוי המוכר ""מעניין לי את ה...""."	וייב איש מבקר את סצנת הראפ המקומית שנתקעה בעבר, תוך הדגשה שיוצרים צעירים צריכים להתמקד בעתיד ולא באגדות עבר כמו טופאק.	וייב איש מצהיר על האותנטיות חסרת הפשרות שלו, תוך רמיזה שבניגוד למיתוסים המעורפלים סביב חייו ומותו של טופאק, האמת שלו מוחלטת.	וייב איש מתאר את מאבק ההישרדות היומיומי בשכונה, תוך הדגשה שהדאגה לפרנסה קיומית גוברת על הערצה עיוורת לאלילי היפ-הופ כמו טופאק.
 אמן: רביד פלוטניק | הפירוש של: 'המציאות הזאת ריאליטי, הגאולה בלוטו' | הקשר: [וורס 2] / אין קיצורי דרך, בחיים אין דרך אחרת / בעולם בו האופנה מוכרת מה שהמדיה משקרת / הכל קורה לאט אבל טס מהר / והסיוטים קורים בזמן אמת, בזמן ש'תה ער / כולם אומרים, את צוחקת לי בפנים / אבל כל הצלקות נעלמו אחרי חמש שנים / בנינו קשר על שקרים / וגשר השברים נפל ללא זכר כמו יתר הדברים מעצם החיים / אמרת שלא הכל תלוי בנו / וקשה למצוא את אלוהים בימינו אנו / אני סמוראי שנלחם בעצמו כלוא בתוך הדוג'ו / המציאות הזאת ריאליטי, הגאולה בלוטו / חולם אמריקה, בקריית אונו / טמבלים חושבים הם בונו / בחורות חושבות הן יוקו אונו / מזל שהפסקתי לעשן / כשהפסקתי לחפש את האשם / ברוך השם על הקשיים / תודה לאל על צלקות ועל פצעים, על הימים הנוראים / מנסה בכל מאודי לדגול באהבה / ולא לתת למציאות הזאת לקחת ת'שלווה ממני / לא בטעות לא בקלות / נלחם בטחנות רוח ומחכה להתגלות / כל הילדות שלי עברה בנדודים הנה מתן עדות / שתיים עשרה שנים של בדידות	הדובר משווה בציניות את החיים לתוכנית ריאליטי מזויפת, וטוען שהישועה היחידה היא זכייה בלוטו, בניגוד אירוני לאמירתו הקודמת שאין קיצורי דרך בחיים.	הדובר מתאר את מערכת היחסים הכושלת שלו כתוכנית ריאליטי דרמטית ומזויפת, ומביע תקווה שמציאת אהבת אמת בעתיד תרגיש עבורו כמו זכייה נדירה בלוטו.	הדובר מציג ניגוד בין המציאות הפיזית לגאולה הרוחנית, וטוען שכשם שתוכניות הריאליטי מתוסרטות מראש, כך גם ההשגחה העליונה אקראית לחלוטין כמו זכייה בלוטו.	הדובר מבקר את ההתמכרות החברתית לטלוויזיה ולהימורים, וטוען שאנשים מעדיפים לצפות בתוכניות מציאות ולמלא כרטיסי לוטו במקום להתמודד עם קשיי היומיום.
" אמן: הדג נחש | הפירוש של: 'גזירת גורל של עבדות עד כדי התקוממת
 שתשתנה המציאות ואז אולי תהיה חירות
 תמחק כאן הטעות ונקום מהמרות' | הקשר: [וורס 7: דוויק] / בום יה, בום יה, מה נסגר עם אבויה / !מי כאן הוא אחויה, מגביר את הזוהם הוו ואה / ?מי שועל ומהמר? עסקן בעזאזל / זה עובדה? אתה שואל / כמובן! אני אומר / כשועל שבמסווה, על פרגית אני הוזה / הרעב הוא מענה ואני חירות קונה / חופש לא כפיים או עבודת ידיים / כן גלגלי שיניים הם אבני ריחיים / אין ברירה ואין טעות, אין זו באמת חירות / זה שקר גס עתיר במס בסיסי כמו איזה ליין של בס / הוא מלווה את היומיום ועוטף בשיגעון / גזירת גורל של עבדות עד כדי התקוממת / שתשתנה המציאות ואז אולי תהיה חירות / תמחק כאן הטעות ונקום מהמרות"	השורות מציגות מחווה רעיונית לתורתו של קרל מרקס, תוך תיאור חזון שבו מעמד הפועלים יתקומם וישתחרר מכבלי העבדות המודרנית.	השורות שואבות השראה מסיפור יציאת מצרים, תוך הקבלת העבדות ההיסטורית של עם ישראל למאבק המודרני לעצמאות רוחנית ואישית.	הקטע מתאר מאבק פסיכולוגי אישי בהתמכרות קשה, שבו הדובר מייחל להתקוממות פנימית שתשחרר אותו מהשעבוד ותאפשר לו גאולה.	הטקסט מתייחס למאבק התנועה הציונית בשלטון המנדט, ומדגיש את הצורך בהתקוממות אקטיבית כדי להפוך מעם נרדף לאומה חופשית.
" אמן: נורוז | הפירוש של: 'סיימתי תיכון ועדיין אני פרשמן
 פאפראצי מתנפלים עליי כי אני פרשמן' | הקשר: [וורס 3: דאווד מהשטחים] / מוציא את הגלוק מהאסלה / (היבואן לא חבר של משטרה (בני זונות / שתי כלבות מסמסות לי במקביל / עונה רק לאחת ואת השנייה מפיל / אני חזק ריאות של פיל / אני דלוק מקפיץ ת'פיל / אני קטין אין לי גיל / אני אידיוט אין לי פיל / סיימתי תיכון ועדיין אני פרשמן / פאפראצי מתנפלים עליי כי אני פרשמן / פלאשים לפנים כי הם יודעים שאני פלאש-מן / (טקסטים רעילים כי הם יודעים שאני שייקספיר (יא בת זונה"	"משחק מילים על ""פרשמן"": ניגוד בין תלמיד שנה ראשונה למרות שסיים תיכון, לבין המשמעות המילולית של ""איש רענן"" ועדכני שמושך את צלמי הפפראצי."	"התייחסות למגזין ההיפ-הופ XXL ולרשימת ה""פרשמן"" שלו: הראפר מציין שלמרות שסיים לימודים, הוא עדיין נחשב להבטחה מוזיקלית ענקית שמושכת את תשומת לב התקשורת."	"אזכור לתרבות הקומיקס האמריקאית: הראפר משווה את עצמו לגיבור-על בשם ""פרשמן"", זהות בדויה ואופנתית שאימץ לאחר התיכון כדי להתמודד עם אור הזרקורים והפפראצי."	"ביקורת על יחס התקשורת לאמנים צעירים: למרות שסיים את חוק לימודיו, צלמי הפפראצי והמדיה עדיין מתייחסים אליו כאל ""פרשמן"" טירון וחסר ניסיון בתעשיית הבידור."
 אמן: נורוז | הפירוש של: 'מוציא את הגלוק מהאסלה' | הקשר: [וורס 3: דאווד מהשטחים] / מוציא את הגלוק מהאסלה / (היבואן לא חבר של משטרה (בני זונות / שתי כלבות מסמסות לי במקביל / עונה רק לאחת ואת השנייה מפיל / אני חזק ריאות של פיל / אני דלוק מקפיץ ת'פיל / אני קטין אין לי גיל / אני אידיוט אין לי פיל / סיימתי תיכון ועדיין אני פרשמן / פאפראצי מתנפלים עליי כי אני פרשמן / פלאשים לפנים כי הם יודעים שאני פלאש-מן / (טקסטים רעילים כי הם יודעים שאני שייקספיר (יא בת זונה	"אזכור לסצנה המפורסמת מהסרט ""הסנדק"", בה מייקל קורליאון משתמש באקדח שהוסתר מראש בתוך האסלה בשירותים כדי לחסל קצין משטרה."	דימוי ציורי לכך שהראפר שולף שורות קטלניות ומלוכלכות במיוחד, תוך הקבלה בין ירי בנשק חם לבין סגנון הגשה בוטה וחסר מעצורים.	אזכור לשיטה נפוצה בעולם הפשע המקומי, בה עבריינים ממהרים להסליק כלי נשק וראיות בתוך צנרת האסלה במהלך פשיטות פתע משטרתיות.	"אזכור לסצנה המוכרת מהסרט ""ספרות זולה"", בה וינסנט וגה נתפס לא מוכן כשהוא יוצא מהשירותים ונאלץ לשלוף את נשקו במהירות."
" אמן: ג’ימבו ג’יי | הפירוש של: 'אתם עדיין קולומבוס בשבילנו
 זאת רק אמריקה שנהייתה פחות תגלית' | הקשר: ['וורס ג] / לכל מי שבא לפני / שהכיר בשיר לפני הפרסומת המסחרית / שהגיע לחופים לפני שפתחו שם אטרקציה תיירותית / אתם עדיין קולומבוס בשבילנו / זאת רק אמריקה שנהייתה פחות תגלית / אז נשתדל להיות אינדיאנים / לקרוא לזה בית כשכולם קוראים לזה ארצות הברית / אני מקווה שאני ברור מספיק / השיר הבא מצחיק, נראה לי / יאללה מתחילים"	"הראפר מוקיר את מעריציו הוותיקים שגילו אותו, ומסביר שהוא עצמו הפך למוכר, תוך שימוש בכפל משמעות עם פרויקט ""תגלית"" המביא צעירים מארצות הברית."	הראפר מבקר את התמסחרות סצנת ההיפ־הופ הישראלית, וטוען שהאמנים המקומיים מנסים לחקות את אמריקה במקום לשמור על מקוריות, תוך רמיזה לכיבוש התרבותי של קולומבוס.	הראפר מביע אכזבה מהחלום האמריקאי ומגל ההגירה של ישראלים לארצות הברית, ורומז שההבטחה הגדולה של אמריקה התבדתה והפכה למקום שגרתי ונטול תגליות אמיתיות.	הראפר עוקץ את ציידי הכישרונות בתעשיית המוזיקה המדמים עצמם לקולומבוס, ומדגיש כי בעידן הרשתות החברתיות האמנים כבר אינם זקוקים לחברות התקליטים כדי להוות תגלית.
" אמן: פול טראנק | הפירוש של: 'ניסמן, נראה לי איזה ילד שינה את הערך של האסי בויקיפדיה' | הקשר: [וורס ב': ג'ימבו & גל] / והיו ימים הייתי קצת עכבר העיר, אלחוטי / אחותי זה השביל של האופניים שם / בסוף אפילו לא עכבר הכפר, סתם בן אדם / שאוהב לגור בחור ולקרוא לו מרכז העולם / ?""או פריפריה? סרט מלחמה או ""בית שאן אימפריה / ?רמקולים על שפת כינרת, טבריה, אחלה צחוקים או טרגדיה / ניסמן, נראה לי איזה ילד שינה את הערך של האסי בויקיפדיה / עזוב, ג'ימבו שחרר / אל הגליל והבקעה, לערבה, ולגולן משפחות עולות בסופ""שים כמו לכותל / חלומות מתוקים על שדות ירוקים, אבל כל הדרכים מובילות לחדר אוכל"	התייחסות למאבק הציבורי והמשפטי סביב הגישה לנחל האסי בקיבוץ ניר דוד, והמחלוקת האם מדובר בשטח פרטי של הקיבוץ או במשאב טבע ציבורי.	התייחסות למיתוס התרבותי סביב סדרת הטלוויזיה המפורסמת שצולמה בנחל האסי, והוויכוח הוויראלי ברשת בין מעריצי הסדרה לבין חברי הקיבוץ על עובדות היסטוריות.	התייחסות לתהליך ההפרטה המואץ שעבר קיבוץ ניר דוד בעשור האחרון, והמאבק הפנימי בין הוותיקים לצעירים על שינוי התקנון המקורי המסדיר את הנכסים.	התייחסות למשבר האקולוגי והזיהום התעשייתי בנחל האסי בשנים האחרונות, והביקורת על כך שהרשויות מנסות להסתיר את הנתונים המדאיגים ולשכתב את ההיסטוריה.
 אמן: ג’ימבו ג’יי | הפירוש של: 'לבקש קאש, לייצר הייפ עם הגאנג' | הקשר: [וורס 1] / ראפרים רוצים לעשות היסטוריה (אימפריה), למלוך על המזרח התיכון / רוצים לחיות מיום ליום, ושידעו שהם נשארים בחיים / רוצים לא לווותר, לא לוותר, ליפול ולקום, ליפול ולקום ליפול ולקום / לרקוד על הפזמון, לקחת את המיקרופון למקסימום / ואז מתוך הזוהמה לבוא בבום / רוצים שיעשו לנו כבוד (רוצים מאוד) ורצונו של אדם כבודו / אז אם ביקשת שנחתום על האלבום / אל תתפלא אם הנחתום הזה יעיד על עיסתו / נחתום כמו אבולעפיה, ברמן, אנג'ל, ראפרים הם כמו אופים / משחקים עם הטעם, מקפידים על המשקל ואף פעם לא קופאים על השמרים (Shiiit) / רוצים להביא את השיט באנגלית / Beat tight, verse fresh / לבקש קאש, לייצר הייפ עם הגאנג / יש לפלואו סטייל ולטראק וייב / איך הגרוב של יוסי? פיין / רוצים שתגידו שהם נייס, אבל אל תגידו שהם נחמדים / לראפ אין מילה בעברית, כי זה ממש לא מה שראפרים רוצים	"השורה מציגה אזכור ישיר לשלושה שירי ראפ ישראליים מוכרים מהסצנה המקומית: ""לבקש את הקאש"", ""הייפ"" ו""עם הגאנג""."	"השורה מציגה עקיצה מרומזת כלפי תעשיית הפופ הישראלית, שלוקחת מושגי שוליים כמו ""קאש"", ""הייפ"" ו""גאנג"" ומוזילה אותם."	"השורה מציגה תרגום חופשי למשפט אייקוני מתוך קלאסיקת היפ-הופ של הנוטוריוס בי.איי.ג'י: ""כסף"", ""פרסום"" ו""נאמנות לכנופיה""."	"השורה מציגה ביקורת אירונית על אימוץ עיוור של תרבות הראפ האמריקאית, תוך שימוש במונחים כמו ""קאש"", ""הייפ"" ו""גאנג""."
 אמן: שקל | הפירוש של: 'אגדה כמו תמוז שנולד באחד באייר, על הנייר' | הקשר: [וורס 2: טונה] / על הנייר, על הנייר / אם אללה מהאק אתה על הנייר / על מה אני על? על הנייר / היי אני פיל אני טנק אני הר / קהל של מיליארדתלאפים עם יד בקלפים / או סתם גרם מפורר / ראפ על עצמי, רק על עצמי / זה אחלה חיים זה אחלה PR / We are על הנייר, אנחנו הרוק החדש וואלק וואלק / וואלק ווי אר, ביז - ביזנס איתי זה רק רק במספר / בא משכונה עניה על הנייר, בא משכונת עמידר / לא מזייף גם אם אנלא בסולם, גם אם נקרע לי מיתר / על הנייר, על הנייר, ראפים מעל הנייר / מכרתי ת׳שיר עכשיו אני מה מסודר / קמתי על גרם קוויאר / על הנייר, אהלן ואהלן ואהלן ואהלן מעל הנייר / אגדה כמו תמוז שנולד באחד באייר, על הנייר	"טונה מקביל את מעמדו ללהקת הרוק המיתולוגית ""תמוז"", תוך משחק מילים מתוחכם על שמות החודשים העבריים, שכן הוא עצמו נולד בחודש אייר."	"טונה מדמה את עצמו לאל הכנעני המיתולוגי ""תמוז"", תוך שילוב ביקורת חברתית על אירועי יום העצמאות, אשר נחגגים באופן מסורתי בחודש אייר."	"טונה מקשר את דמותו לפואמה הידועה ""מות התמוז"", תוך הבעת מחווה למשורר הלאומי שאול טשרניחובסקי, אשר נולד על פי הרישומים בחודש אייר."	"טונה משווה את יצירתו לכתב העת הספרותי ""תמוז"", תוך קריצה אירונית לתאריך הפטירה של עורכו הראשי, אשר הלך לעולמו במפתיע בחודש אייר."
 אמן: פלד | הפירוש של: 'מה אני  נראה לך אגד? אין לי חברים' | הקשר: [וורס 1] / מה אני נראה לך ילד? אנ'לא משחק משחקים / מה אני  נראה לך אגד? אין לי חברים / מה אני נראה לך טנגו? אני לא צריך אף אחד / לא מעשן את הנייס גאי, ואני לא כזה נחמד / מה אני נראה לך צלם? זוז, זוז, זוז, צא לי מהפריים / מה אני נראה לך טנדר? תופס עליי טרמפ / מה אני נראה לך טקסי? אף אחד לא עוצר אותי / אני יותר כמו פפסי, לא כדאי לערבב אותי / מה אני נראה לך גוף? אל תסבן אותי / מה אני נראה לך סאחי? אני מעשן עד שאין אותי / מה זה נראה לך בררה? אח שלו קלוט את הריח / מה אני נראה לך שרה? אני לא שר שיר שמח / כל אחד רוצה להיות מש'ו, כל אחד רוצה להיות מיש'ו / ?הם מנסים לשים אותי בתוך קופסה מה אני נראה לך טישו / מה אני נראה לך שעון? אני סופר עד שלוש / (מה אני נראה לך שום? אז למה 'תה אוכל לי את הראש? (למה,למה,למה	"השורה מתייחסת לביטוי ""חברים יש רק באגד"", הנובע מהיותה קואופרטיב בו שותפים מכונים ""חברים"", ומשמעותו היא שחברות אמת אינה קיימת."	השורה מתבססת על השורש א.ג.ד (לאגד, לחבר), ומבטאת את סירובו של הראפר להיות כבול לקולקטיב או להשתייך לחבורה מוזיקלית ספציפית.	"השורה מתייחסת לסטיגמה התרבותית הישנה סביב נהגי ""אגד"", שנתפסו בעבר כחסרי סבלנות ולא חברותיים כלפי הנוסעים, כדי להדגיש גישה קשוחה."	"השורה משתמשת בחברת ""אגד"" כמטאפורה לבדידות עירונית, כאשר למרות שהאוטובוסים תמיד עמוסים בנוסעים, אנשים נותרים מנוכרים ואין ביניהם חברות אמיתית."
" אמן: פלד | הפירוש של: '”אל תשכח מאיפה באת, פתח להם דלת' | הקשר: [וורס 1] / יותר טוב מזה אין יותר / בוא תקרא לי שאנן סטריט (הוא לא מוותר) / שוב נותן ת'נשמה, ממלא את הריאה / ועושה הכל כדי שאמא שלי תהיה גאה / ""הם אמרו לי ""פלד גבר אתה חי בסרט / פתאום מסביבי השכונה מתעוררת / בוקר טוב ישראל, 'צטרפו למאבק / (!מתחרים פה גדול - (נאכיל אותם אבק / ישראלים עצבניים - השכונה כמו ספארי / אני בתוך ההונדה - מרגיש כמו פרארי / מנגב חומוס עם פוזה של קלאמרי / ולא שוכח את מה שאבא שלי אמר לי / ""אל תשכח מאיפה באת, פתח להם דלת / יש כאלה שמוותרים אבל אתה לא מאלה / תשלוט במגרש, תמשיך לתת בראש / כמו ראובן עטר שנת '93!"" יה!"	המשפט מדגיש את הצלחתו למרות שגדל בפריפריה, וכולל משחק מילים שבו ראשי התיבות של המילים 'פתח להם דלת' יוצרים את שם הבמה שלו, פלד.	המשפט מדגיש את הקשר העמוק לאביו, שהיה שוער כדורגל, ומשלב דימוי ספורטיבי שבו 'פתיחת דלת' מסמלת יצירת הזדמנויות חדשות בסצנה המקומית, בדומה למשחק.	המשפט מתייחס לאחריות של אמנים ותיקים לקדם ראפרים צעירים בסצנה, תוך רפרנס מחווה לשיר קלאסי של שבק ס' שבו הופיעה השורה 'פותח את הדלת'.	המשפט מבקר את תעשיית המוזיקה הממוסדת שסוגרת שערים בפני יוצרים עצמאיים, וקורא למעריצים לתמוך באמני שוליים שפורצים דרך ופותחים דלתות לדורות הבאים של הז'אנר.
" אמן: פלד | הפירוש של: 'כמו דבורים תמיד מחפשים באזז
 מספרים סיפורים וכלום פה לא זז' | הקשר: [וורס 1] / מה זה זה למה זה לעזאזל הזבל הזה מתפזר / חוזר וממחזר את כל הזר הזה / אני מזמזם ומאזן לי את הזן / בזמן שהוא נוזל לצד פוזל וקל לו לזלזל בזה / בן זונה ניזון מזה אני מתנזר מזה / מה אתה מזרז בזה (גבר תזהר מזה) / מתמזג בזיג זג זורם בזום זום / אם תזלזל בזרם אתה לא תזיז כלום / כמו דבורים תמיד מחפשים באזז / מספרים סיפורים וכלום פה לא זז / כל הזמן נזכרים מה היה אז / זה הזמן שלי להוביל ולשים גז / גם אם תשים עליי אזיק לי זה לא יזיק / אין לך ת'זיק אם תעשן או תזריק / עדיין בני זונות פותחים עליי ת'עין / כמו כל הפקינ'בית אני שם עליכם זין"	"פלד משתמש בכפל המשמעות של ""באזז"" (רעש דבורים ורדיפה אחר תשומת לב) כדי לבקר אנשים שמייצרים רכילות ודיבורים ריקים במקום עשייה ממשית."	"פלד משתמש בכפל המשמעות של ""באזז"" (זמזום דבורים ותחושת שכרות) כדי לתאר ראפרים שמכורים לאורח חיים נהנתני ומספרים על הצלחות שאינן קיימות במציאות."	"פלד משתמש במילה ""באזז"" כדי לבקר את תרבות הרשתות החברתיות, בה אנשים עוקבים כעדר אחרי טרנדים ויראליים ומייצרים תוכן שטחי שאינו מקדם דבר."	"פלד משתמש בדימוי הדבורים וה""באזז"" כדי לתאר את מפיקי חברות התקליטים, שמבטיחים הבטחות שווא לאמנים צעירים אך בפועל מונעים מהם להתקדם בתעשיית המוזיקה."
 אמן: הדג נחש | הפירוש של: 'אז מה אם השכן שלי דני יתום' | הקשר: [וורס 1: שאנן סטריט] / (עד מתי) / בחלומות נפליג, כמו מיג נשקיף / מלמעלה סירחון, ממרחק ביטחון / שהוא חמש דקות מכפר סבא / (עד מתי) / נעצום עיניים למתרחש מתחת לאף / ונעמיד פנים שהכל סבבה / בירה מהמקרר נביאה / לערוץ אחר נסיע / (עד מתי) / נחשוב על שאכטות, דרינקים / זיונים עד תום / אז מה אם השכן שלי דני יתום / הייתי בהלווייה וגם הלכתי אליו באבל / אבל גדול עלי לשבור את מעגל הסבל	ביקורת על האדישות הישראלית למציאות הביטחונית, תוך שימוש במשחק מילים על שמו של האלוף דני יתום כדי לייצג שכול לאומי וניתוק רגשי.	ביקורת על אובדן ערכי הציונות, תוך שימוש בשם דני כדי לסמל את דור המייסדים שנותר יתום ונטוש אל מול תרבות הצריכה המודרנית.	ביקורת על שחיקת הסולידריות החברתית, תוך הצגת הטרגדיה האישית של השכן דני כאירוע שולי שנדחק לטובת התעסקות אובססיבית באלכוהול, בידור ותרבות הפנאי.	ביקורת על הפערים החברתיים בישראל, תוך שימוש בדמותו הבדיונית של דני היתום כדי לייצג את התעלמות המעמד הבינוני ממצוקת השכבות החלשות בפריפריה.
" אמן: מאור | הפירוש של: 'לפני שהוא יתן לך ארמון
 הוא יזרוק אותך לבור' | הקשר: [פזמון] / לפני שהוא יתן לך ארמון / הוא יזרוק אותך לבור / הוא יתן לך לבכות לא יתן לך לעלות / בלי לגרום לך לעבוד / הכתר לא יבוא בלי הקרבות / תילחם על הכבוד / אף אחד לא הבטיח לך כלום / אף אחד לא הבטיח לך / אף אחד לא הבטיח ש"	"השורה שואבת השראה מסיפורו התנ""כי של יוסף, אשר נזרק לבור על ידי אחיו בטרם עלה לגדולה והפך למושל בארמון פרעה במצרים."	"השורה מתייחסת לסיפורו התנ""כי של דוד המלך, שנאלץ להסתתר במערות ובבורות מפני שאול המלך לפני שזכה לרשת את המלוכה ולשבת בארמון."	"השורה מתייחסת למציאות החיים ברחוב, כאשר ""הבור"" מסמל תקופת מאסר בצינוק, אשר נחשבת למבחן אופי הכרחי לפני השגת כוח, כסף ומעמד."	השורה שואבת השראה מסיפורו של דניאל בגוב האריות, אשר הושלך אל הבור כעונש לפני שניצל בנס וזכה למעמד יוקרתי בחצר המלך.
 אמן: אל איי אף | הפירוש של: 'שומע אותנו אתה מתפלפ' | הקשר: [וורס 1: בוי אצ'י] / סויה במנה חמה להיט / אצ'י על המאדאפקינג ביט / עברית שלי נכה אני תגלית / יש מזלג אז מה אתה צריך כפית / מכור למונוסודיום גלוטומט / הטומי שלי תמיד על אוטומט / מה 'תה לא מבין אתה פלגמט / שיניים שלי 25 קרט / יותר מהקאפ פרוש מהטראפ / שומע אותנו אתה מתפלפ / יצאת פצוע כמו ג'וני לא דפ / אומר שאתה רגוע אני בספק / אתה לא בסדר אתה קצת לחוץ / תנשום קצת אוויר תצא קצת בחוץ / יש לי זהב אני עוץ לי גוץ / יש לי אקדח אז תתחילי לרוץ	הדובר מזהיר שההאזנה למוזיקה האינטנסיבית והייחודית של ההרכב עלולה לגרום למאזין לאבד את שפיותו, או בסלנג ״להתפלפ״ ולהשתגע.	הדובר משווה את חוויית ההאזנה לשירים שלהם להשפעה פסיכדלית קשה, הגורמת למאזין לחוות התקף חרדה או טריפ רע.	הדובר רומז שהטקסטים החריפים של ההרכב מעוררים במאזינים תגובות זעם בלתי נשלטות, בדומה לתחושת הצריבה של פלפל חריף.	הדובר לועג לראפרים מתחרים שמאזינים ליצירותיהם ומתחילים לגמגם או לאבד את הקצב, בניסיון כושל לחקות את סגנונם.
 אמן: מיכאל סוויסה | הפירוש של: 'אבל רק ראיתי את זאתי, לקחנו סיבוב בג׳ילופי' | הקשר: [וורס 1: סוויסה] / אני אתפוס את כולן כמו פוקי, מון והמון מהיופי / אבל רק ראיתי את זאתי, לקחנו סיבוב בג׳ילופי / הבאתי קצת חומר אירופי, התחלנו בעוד אקט אירוטי / אולי זה נשמע קצת אידיוטי אבל זה אידיוטי / שמעתי שאת מעוניינת, תגידי מה את מתכננת / כי אם לא ידעת את אצלי בכוונת / וכל האמביציה הזאת מסוכנת / וכל הכריזמה שלי מעושנת / תביאי גם ריזלה אם את מתכוונת לבוא ולשבת, רק לא לסגת / ואם את חותכת נחתוך את החבל הדק שעליו את הולכת / למה את כל כך מושכת, תגידי למי את שייכת, שיבשת לי את המערכת	המילה ״ג׳ילופי״ היא סלנג מאנגלית (Jalopy) שמשמעותו מכונית ישנה ורעועה, והדובר מתאר יציאה לסיבוב ברכב המיושן והפשוט שלו.	המילה ״ג׳ילופי״ היא סלנג לזן קנאביס אירופאי חזק במיוחד, והדובר מתאר יציאה לסיבוב עישון משותף כדי להרשים את הבחורה.	המילה ״ג׳ילופי״ מתייחסת למועדון אנדרגראונד תל אביבי מוכר, והדובר מתאר כיצד לקח את הבחורה לבילוי לילי ספונטני במקום אקסקלוסיבי.	המילה ״ג׳ילופי״ היא סלנג רחוב לקורקינט חשמלי שיתופי, והדובר מתאר בהומור כיצד הרכיב את הבחורה על כלי רכב זה.
 אמן: פלד | הפירוש של: 'אני שם ת’חמש' | הקשר: [פזמון] / סבבה חמש, סבבה חמש / קרוז עם כל הגאנג בסבבה חמש / אין עשן בלי אש אני שם ת'חמש / חמסה לפנים והבאנג-על-הדאש	"השורה מהווה רפרנס ללהיט ההיפ-הופ ""I Got 5 On It"" של צמד Luniz, ומתארת השתתפות כספית שוויונית בקניית קנאביס עם חברים."	האמן מתאר מחווה של הרמת יד עם חמש אצבעות פתוחות, כמעין הגנה מיסטית נגד עין הרע לפני שהוא מתחיל לעשן עם החבורה.	האמן משתמש בדימוי של מערכת דירוג איכות, כשהוא מעניק ציון של חמישה כוכבים לטיב החומר שהוא מעשן יחד עם חבריו במהלך הנסיעה.	השורה מתייחסת להכנסת הרכב להילוך חמישי במהלך נסיעה מהירה עם החברים, תוך שימוש בסלנג מוטורי שנועד להדגיש את הקצב המהיר של החיים.
" אמן: מאור | הפירוש של: '”חצי מהעיר הזאת האסקיז, אם תקח להם ת׳שלג הם בסבל' | הקשר: ['וורס ב] / יאללה, בוא, בוא פתח, פתח שוב במטח, טח / פה כמו פח-פח, דיבור מלוכלך-לך / דוך לראש של המלך, מתכנן ת׳מהלך-לך / עד שכל הכיס מלא בשח-שח / אין להם כריזמה, חותך אותם בלי הרדמה ישנו עליי מספיק זמן / והפלואו אתלטי כמו גריזמן / הדריפ לא ממדריד אבל הראש בתל אביב יפו / פעם היינו מתצפתים מחולון ואוכלים כאפות / עכשיו מחלק כיפים, הולך בעיר הזאת כמו בוס / יורד את הרצל עד שתיפול עליי מרפסת או עד שהבטון יקרוס / רק באתי ועלתה הרמה, אני טוני קרוס / אבל לא קרוב לפרוש (לא) / אמרו, ""הכי חשוב, תשמור ת׳רגליים על הרצפה / ואל תנסה להיות יותר מדי קול, אתה תקפא / אפחד לא יזרוק לך חבל / ""חצי מהעיר הזאת האסקיז, אם תקח להם ת׳שלג הם בסבל / אבל אני מריח רק נצחונות / שם פס על כל הבני זונות, הם רק רוצים לקחת חלק / אם לא היה באז הם לא היו באים ממילא / עומד מאחורי הבארז שלי כאילו אני בכלא יה"	"מאור מדמה את תושבי תל אביב לכלבי האסקי התלויים ב""שלג"" (סלנג לקוקאין), כדי להדגיש את ההתמכרות לסמים בעיר ואת סבלם בהיעדרו."	"מאור משווה את הראפרים המקומיים לכלבי מזחלות (האסקי) שמונעים על ידי ""שלג"", מטאפורה לרעש הלבן ולתשומת הלב התקשורתית שבלעדיהם הם נעלמים."	"מאור מתאר את הניכור החברתי בעיר ומדמה את התושבים לכלבי האסקי, כאשר ה""שלג"" מסמל את האדישות הרגשית שמגנה עליהם מפני פגיעה."	"מאור מבקר את העושר המנקר עיניים בתל אביב, ומשתמש ב""שלג"" כמטאפורה לחופשות הסקי היוקרתיות של תושביה, שבלעדיהן הם חשים קיפוח מדומה."
 אמן: מיכאל סוויסה | הפירוש של: 'תסתכלו על עצמכם' | הקשר: [סקיט + אאוטרו] / תסתכלו על עצמכם / יש לך מראה תסתכל על עצמך / תסתכלו על עצמכם / כשראיתי את עצמי / שברתי לרסיסים את המראה	"הסקיט המושמע באאוטרו הוא למעשה סימפול של הבית הרביעי מתוך השיר ""אני נגעל מן העולם"" של המוזיקאי שלמה גרוניך."	"הסקיט המושמע באאוטרו הוא למעשה סימפול של קטע מעבר מתוך האלבום ""רישומי פחם"" של היוצר מאיר אריאל."	"הסקיט המושמע באאוטרו הוא למעשה סימפול של הבית המסיים מתוך השיר ""אדם בתוך עצמו"" של הזמר שלום חנוך."	"הסקיט המושמע באאוטרו הוא למעשה סימפול של קטע הקראה מתוך המחזה ""אשכבה"" של המחזאי והבמאי חנוך לוין."
 אמן: סגול 59 | הפירוש של: 'אולי נשאר צדיק אחד בסדום, תשאל את נצ’י' | הקשר: [וורס 3: סגול 59] / כי לפעמים להצליח זה להפסיק לנסות / אתה צולל בים של שקר בשביל לשחות מחמאות / על מטבעות לשון שילמתי את המחיר הכי יקר / האי היחיד שלא הגעתי אליו זה אי אפשר / אולי נשאר צדיק אחד בסדום, תשאל את נצ'י / למצוא את החלום? עדיף תחפש איפה אפי / בעצם אין אמת, כי המציאות לא אותנטית / אם אתה סובל מהחום אל תרשם לקורס שפים / והפטנט שלי להשאר על הבמה בגילי / זה רק בזכות ההבנה שחיובי ושלילי / כשהמסע מסתיים, שניהם אחד משלם / אז הבנאי שבי מאיר אני עובר ביניהם / יש גשם בשאר הרחמים לא מבינים / שלא צריך לצאת החוצה הפנינים הם בפנים / לא סתם רוקח פזמונים ולא עוסק בסיכומים / שלושה בתים, ארבעים ושמונה שורות, חיים שלמים	"השורה מהווה אזכור ישיר לשם אלבום הבכורה של הראפר נצ'י נצ' (רביד פלוטניק), ""צדיק אחד בסדום""."	"השורה מהווה עקיצה מרומזת לעיר פתח תקווה, עיר הולדתו של נצ'י נצ', שמכונה לעיתים ""סדום"" בסצנה המקומית."	השורה מהווה ציטוט מתוך פריסטייל מפורסם של נצ'י נצ', בו הוא מכתיר את עצמו כצדיק היחיד בסצנה.	השורה מהווה התייחסות לביקורת של נצ'י נצ' על תעשיית הראפ המסחרית, אותה דימה לעיר החטאים סדום בראיונותיו.
 אמן: רון נשר | הפירוש של: 'אני מעלים אותך הופך אותך לגיל ססובר' | הקשר: [וורס 1] / אני הבן זונה, אתם כולכם יודעים / אני מדבר אתם אוכלים כי זה כל כך טעים / אני הרע שמנצח את הרעים / אתם קוראים לי השמיים הכי קרוב לאלוהים / אני אתן לך אנגינה / Ron Cena יכאב לך מאוד להתעסק עם / כל פאנץ' שלי זה הרפס, הוא אף פעם לא עובר / אני מעלים אותך הופך אותך לגיל ססובר / לא מפחד להיות מגניב / אני כל כך טוב מפחיד שבשבילי זה רק תחביב / אני נמצא במועדון והשירים שלי מסביב / לא חולדאי, רון היום שולט בתל אביב / אז אל תביא לי כיף צבוע, סכין אחת בגב / השירים שלי דופקים במערכת בלי סאב / הנשר שדפק את הגוזל של אריק איינשטיין / תימני חכם אתה תקרא לי ראש העינשטיין / פוסי	גיל ססובר, כוכב בידור בולט בשנות התשעים, נעלם במפתיע מהעין הציבורית. נשר משתמש בו כדימוי ליכולתו למחוק לחלוטין את מתחריו מהתעשייה.	גיל ססובר הנחה תוכנית קסמים פופולרית בערוץ הילדים שבה נהג להעלים חפצים. נשר משווה את כישורי הראפ שלו לקסם שמעלים את יריביו מהבמה.	בעקבות סכסוך משפטי מתוקשר, שמו של גיל ססובר נמחק לחלוטין משידורי הקומדי סטור. נשר רומז שיעלים את יריביו באותה צורה משפטית מהנוף התקשורתי.	באחד המערכונים המוכרים שלו, גיל ססובר גילם דמות של רואה ואינו נראה. נשר משתמש באזכור זה כדי להדגיש כיצד הוא מגמד ומעלים את מתחריו.
" אמן: תלא מובב | הפירוש של: 'יש מצב שתלמד
 כמו שידור בערוץ אחד, אתה לא חד' | הקשר: [וורס 1: וייב איש] / ווא דא דא דן, ווא דא דא דן / פול'ז לא יבינו מה יפגע בהם שאני בג'אם / באם מעניש את הנישה / עושה להם את המוות כמו קדישא, תחליפו גישה / ?מה קורה / How do you do? / בשביל לכבות אותך לא צריך יותר מפ'ו / אני בא עם כל הקרו, כל הטרו יש מצב שתלמד / כמו שידור בערוץ אחד, אתה לא חד / מילה לגאד, יותר מלטמה / סוף לשאיפות ש'ך כמו אסטמה / הוצאת שיר, הופעת פה ושם אוקיי עכשיו מה / בינינו אין שם אף אחד אם פאפינאף לא שם, אה / זכור את זה להבא, פלואו ותליון און אנד און אנד און / אם אתה מופע חימום פי נשאר עם הקפוצ'ון / אתה לא בזון, אני לא עף על זה כמעט / מילה לנתב""ג כדאי שתנחת"	"השורה משלבת כפל משמעות: ערוץ אחד משדר תוכניות לימודיות, אך גם ידוע באיכות שידור נמוכה, ולכן היריב ""לא חד"" (שכלית וויזואלית)."	השורה משלבת ביקורת תרבותית: ערוץ אחד מזוהה עם מהדורות חדשות כבדות, והראפר לועג ליריב שמתיימר להעביר מסר אך חסר את החדות הנדרשת.	השורה משלבת עקיצה תעשייתית: ערוץ אחד סבל מאחוזי צפייה נמוכים, והראפר רומז שהמוזיקה של מתחריו משעממת, מרדימה וחסרת כל חדות או עניין.	השורה משלבת רפרנס היסטורי: ערוץ אחד היה מונופול טלוויזיוני שמרני, והטקסט מדגיש שהיריב תקוע בעבר וחסר את החדות של סצנת ההיפ-הופ העכשווית.
 אמן: הדג נחש | הפירוש של: 'המיסים שלי קונים נשק, ואני רואה דרכו' | הקשר: [וורס 1] / המיסים שלי קונים נשק, ואני רואה דרכו / הילדים שלי סוחטים הדק, ואני גאה מאוד / בכתלים שלי נפער סדק, רק שלא אפול דרכו / אולי הבית שלי צריך בדק, ואולי בעצם לא / אפשר לשבת כל היום, ולטחון ולטחון את זה / לשבת כל הלילה, וללעוס וללגום את זה / אבל למה לי לצלול, ולחטוף דיכאון מזה / יותר עדיף שלא, כי אין פתרון לזה	הדובר מבקר את הפניית כספי המיסים לתקציב הביטחון, ויוצר אוקסימורון בניסיונו לראות את השלום והתקווה מבעד לכוונת של כלי הנשק.	הדובר מאשים את הממשלה בסחר בנשק עם משטרים אפלים, ומדגיש כי הוא רואה מבעד לשקרים וחושף את השחיתות שבתקציב הביטחון.	הדובר מתאר את תחושת החרדה הביטחונית בישראל, וממחיש כיצד הוא נאלץ להשקיע את כספו במיגון אישי ולהשקיף מבעד לכוונת הנשק.	הדובר מבקר את השימוש בכספי ציבור למימון תעמולה צבאית, ומציין שהוא רואה מבעד לנרטיב התקשורתי המעוות אשר נועד להצדיק מלחמות.
 אמן: מיכאל סוויסה | הפירוש של: 'והורדתי ראש כמו רוצח' | הקשר: [וורס 1] / השיט שלי תמיד רותח, נכון / סוויסי מחזיק ת'מפתח, נכון / סוויסי קופץ לרוקח, נכון / סוויסי קוטף את הפרח, נכון / ביץ' אני לא עושה קמח, אוקיי / פלקסין אנ'לא עושה מתח, אוקיי / אמרתי לה יש אותי בטח, אוקיי / קרסתי פינו לי ת'שטח, אוקיי / היא תפסה לי בקישקע בדוק / בסנאפצ'אט עשיתי לה בוק / הביץ' שלך זולה היא שוברת ת'שוק / יש לי צ'וץ' איכותית שתדפוק לך בקבוק / אם דפקת לה קטע דפוק / סדוק על הקוקוס בדוק / חלוק על הקוקו לאללה / נדפקתי בשושו שיאללה / הרגע הטוסיק נפל האמת / מחמם לה ת'גוף כמו מסאלה, אמת / אוי זה מה שסוויסי עשה לה? אמת / תפסיקי לשחק אותה חלאס באמת / משחק נעליים ניו באלאנס נותן / חולם על לדפוק כמה קאמאס נותן / עולה לבמה עם פיג'מה נותן / הביץ' שלך פה היא רוצה להתחתן / איי, פלקסינג אנ'לא מתמתח, כן / בובל'ה לא מתפקח, כן / שאכטה אחת הוא שוקע, כן / הזהרתי הספליף שלי תוקע, יא / קניתי לי באנג מאיקאה / והורדתי ראש כמו רוצח, איי / לא צריך את הקוד לפצח / כי יש לי שיטות לנצח / ואמרתי לה יש אותי בטח, איי / שאלה אם יש אש איתי בטח, ו / אז אמרתי לה יש אותי בטח / שאלה אם יש אש איתי בטח	"משחק מילים המשלב בין פעולת עישון הבאנג (""להוריד ראש"") לבין המשמעות המילולית של עריפת ראשים, תוך דימוי של הראפר לרוצח."	"משחק מילים המשלב בין פעולת עישון הבאנג (""להוריד ראש"") לבין כניסה מהירה למצב פסיכוטי ואלים, תוך דימוי של הראפר לרוצח."	"משחק מילים המשלב בין פעולת עישון הבאנג (""להוריד ראש"") לבין סלנג לכתיבת שורות מחץ קטלניות, תוך דימוי של הראפר לרוצח."	"משחק מילים המשלב בין פעולת עישון הבאנג (""להוריד ראש"") לבין סלנג להדחת מנהיג סצנה מתחרה, תוך דימוי של הראפר לרוצח."
 אמן: מאור | הפירוש של: 'אמא שלך לא חוזרת לקריית שמונה, אשכרה איבדנו ת׳צפון' | הקשר: [וורס א': מאור] / ?איך לא נריב? איך לא נרים את הקול / כבר כמה חודשים בקושי יש פה אוויר / רוצה לנשום, לא יכול / מסתכל אל השמיים, יש מלא כוכבים / אפחד לא רוצה ליפול / ואני צריך מזל, אני צריך אותו היום / כל מה שפחדנו להיות הפך לשגרה / כבר לא עדינים וכבר לא ישנים כפיות / מתחת לשמיכה חדים כמו סכינים ולא נזהרים עם מילים / כל הזמן יורים אחד על השני ולא אוספים ת׳תרמילים / הכל נשאר בחוץ יש אווירה שלילית / ?אווירה של זה הסוף, של יש בכלל מה לנסות / הגוף שלי עדיין לא מצליח להכיל את גודל האסון / אמא שלך לא חוזרת לקריית שמונה, אשכרה איבדנו ת׳צפון / אזכרה אתמול, אזכרה מחר, אזכרה היום / שיגי שיגי שיגי שיגי שיגי שיגי שיגעון	"מאור מתאר את עזיבת חמותו את קריית שמונה בעקבות המלחמה, תוך משחק מילים על ""איבדנו את הצפון"" כביטוי לשיגעון וכאובדן פיזי של האזור."	"מאור מבקר את הזנחת הפריפריה על ידי המדינה בעת משבר, תוך משחק מילים על ""איבדנו את הצפון"" כביטוי לאובדן המצפן המוסרי וקריסת הערכים."	"מאור מקונן על נטישת דור ההורים את הפריפריה לטובת המרכז, תוך משחק מילים על ""איבדנו את הצפון"" כביטוי להתנתקות תרבותית מאזור הגידול המקורי."	"מאור מתאר משבר זוגי עמוק בו התרחקות חמותו מסמלת ניתוק, תוך משחק מילים על ""איבדנו את הצפון"" כביטוי לאובדן דרך בתוך מערכת היחסים."
" אמן: מאור | הפירוש של: 'ואני רחוק מלהיות סושרד אבל יכול להרגיש
 מתי את חושבת על מה שקורה בצד השני של הכביש' | הקשר: ['וורס ב] / אומרים שתוחלת חיים של ראפר זה גג חמש עשרה / וזה עוד במקרה שזה הפך לעסק / כתבתי הכל בשבילי, פאק על הכסף / דפדפת אחרי דפדפת ולא בשביל לתפוס איזו משבצת / תמלא את השורות אחת אחת / אמרו לי יום יבוא זה ימלא ת׳שורות של ההיכל / סשן מבוקר עד מאוחר, עד שזה חם / ?אבל איך אני שומר על הפרפר שבבית חי / היפייפיה שלי נרדמה בדירה לבדה / בשביל שנגור בטירה, צריך להיות אגדה / זוכר ת׳ביקור הראשון במקום בו גדלת / אמא שלך הקרינה קלטות, היית ממש ילדה / עוד לא הייתי מודע למה שעברת בהמשך / עד שסיפרת לי פתאום על אלפיים ושש / גדלת עם סוג אחר של גשם / כזה שבמפגש עם שמש לא נוצרת קשת / אמרת שגם אחרי שנים של שקט את חוששת / סיפרת על בית ישן, החוויות שהיו שם / ועל איך הכל קרס בגלל קטיושה / ואני רחוק מלהיות סושרד אבל יכול להרגיש / מתי את חושבת על מה שקורה בצד השני של הכביש / אני מכחיש, מנסה לתת לך תחושת ביטחון / אבל איכשהו באותה שבת לא מצאתי כוחות / כל יום מרגיש פחות, והפחד שזה יפגע בפרפרים / כבר דיברתי על לקחת ת׳כנפיים לפרברים / מבחוץ בסדר, בפנים לא בריא כבר תקופה / כשת'ה בסטרס הוויד הופך להיות הפוך מתרופה / אדמה בוערת, אהבה קפאה / את אמרת שזה עניין של זמן, כשסירבתי לטיפול היית רופאה / נתת לי פטור מתור / וזה לא שרק הרגעת את הכאב, הצלחת לפתור / לא סתם קוראים לך סהר, הכנסת ללילות שלי אור / רוצה לספור איתך עשור אחרי עשור אחרי עשור אחרי עשור כי זה"	אזכור לאמן החושים ליאור סושרד; הראפר מדגיש שלמרות שאינו קורא מחשבות, הוא חש בקלות מתי זוגתו שוקעת בטראומת המלחמה שלה.	אזכור לאמן החושים ליאור סושרד; הראפר מסביר שלמרות שאינו חוזה עתידות, הוא מזהה מראש מתי מתפתחת סכנה ממשית ברחובות השכונה בה גדלו.	אזכור לאמן החושים ליאור סושרד; הראפר מבהיר שלמרות שאינו קורא מחשבות, הוא מזהה מיד מתי מתחריו בוחנים את הצלחתו בתעשיית המוזיקה.	אזכור לאמן החושים ליאור סושרד; הראפר מציין שלמרות שאינו רואה נסתרות, הוא מרגיש היטב מתי זוגתו שוקלת לעזוב אותו לטובת חיים אחרים.
 אמן: אורי שוחט | הפירוש של: 'לא משתפ כמו ואנונו' | הקשר: [וורס א': פלד] / פרובלמטי כמו אילתי על מזארטי / פילה פי ובלאנטים זה כמו הודי עם צ׳פאטי / יש לי פרח סגול בגון של כומתה של גבעתי / סטייל יפני כמו ביסטי בויז באינטרגלקטי / יו, בא עם צבא של חוליגנים / נראה כמו אביגדור קהלני / זה נייר לקסס לא אוריגמי / מגלל אפגני בתוך קובני / לא בקטע של ארמני / תביא לי רטרו שמונה באגס באני / נכנס לקלאב כמו שד טזמני / בא לקרב מגע עם סכין יפני / ?למה אתה פארטי פופו? / לא ראית בחיים שלך פומפום / כשהחליפו לך חיתול לבשתי פובו / לא מחשש בשושו / ביצ'ז קוראות לי פאפי צ'ולו / היום כועסות עושות לי וודו / לא משתפ כמו ואנונו / שיט שלי חם תעשה פופו / חם רותח (פססט אחח), כמו סמוראי רוצח (יו) / אתה לא נושך, סתם נובח (הייאה) / לא מבקש, לוקח (הוו) / כשת׳שקית הוא פותח (כן) / יעיף לך ת׳ראש מהריח (כן) / פילה ושוחט על מאה / מי ששומע לא מתווכח (ווף)	השורה מאזכרת את מרדכי ואנונו, שהדליף את סודות הגרעין הישראלי, כדי להדגיש שהדובר, בניגוד אליו, לעולם לא ילשין למשטרה או ישתף פעולה עם יריביו.	השורה מאזכרת את שלמה ואנונו, פוליטיקאי בכיר שהורשע בקבלת שוחד, כדי להדגיש שהדובר, בניגוד אליו, לעולם לא יתפשר ערכית או ישתף פעולה עם הממסד.	השורה מאזכרת את זאב ואנונו, עבריין בכיר שהפך לעד מדינה, כדי להדגיש שהדובר, בניגוד אליו, לעולם לא יבגוד בחבריו או ישתף פעולה עם המשטרה.	השורה מאזכרת את יוסי ואנונו, כדורגלן עבר שחצה את הקווים, כדי להדגיש שהדובר, בניגוד אליו, לעולם לא יבגוד בקבוצתו או ישתף פעולה עם מתחריו.
" אמן: שקל | הפירוש של: 'זה שמדבר לא יודע
 זה שיודע לא מדבר' | הקשר: [בית 2: שקל] / זה שמדבר לא יודע / זה שיודע לא מדבר / שמש של בוקר שרוי בה / המצב רוח לא תלוי בך (הלוואי) / באסה זה ברירת מחדל / ילד פרפר עף מעל / אמא אדמה היא הכי כוסית / מספר לה את כל הסודות שלי / למדתי לאהוב מפרפרים / מתקרבים לאש ונשרפים / הרוח חיה בתוכי / לא בחוקים, לא בספרים / לא עבד לתקווה נאיבית / חרדה זאת הדרך התל אביבית / ילד אל תפחד אתה אף פעם לא לבד"	השורה מצטטת את ספר הטאו של לאו צה, ומבטאת את התפיסה לפיה אנשים חסרי ידע מרבים לדבר, בעוד שהחכמים האמיתיים ממעטים במילים.	השורה מבקרת את תעשיית הראפ המקומית, ורומזת שאמנים שמרבים להתרברב בהצלחתם הם לרוב חסרי כישרון, בעוד שהיוצרים האיכותיים מתרכזים בעשייה בשקט.	השורה מתייחסת לקוד השתיקה ברחוב (אומרטה), ומעבירה מסר לפיו עבריינים אמיתיים שומרים על סודיות, בעוד שמתחזים נוטים להתרברב ולחשוף מידע מיותר.	השורה מהווה ביקורת על תרבות הרשתות החברתיות, ומדגישה כיצד משפיענים שמפיצים מידע שגוי זוכים לבמה, בעוד שהמומחים האמיתיים נדחקים לשוליים ושותקים.
 אמן: ’לוקץ | הפירוש של: 'אמרתי תכיני לי טישפישטי' | הקשר: [וורס 3: מיכאל סוויסה] / כן שום כלבה לא תיגע לי בחלווה / אפילו לא ג'סיקה אלבה / טוב אולי רק ג'סיקה אלבה / כי זאת פאקינג ג'סיקה אלבה / אבל אם היא תיגע לי בריבה / נכנס מצב תקן קאיוזה מישימה / את רוצה אקשן קדימה / כנסי לזירה מול ג'ון סינה / הכל כרגיל אמא הכינה לי טחינה לצד החציל / שם בקונטיינר מכניס לתרמיל / שומר לאחרי הפייסיל אני בצ'יל / היא מסתכלת לי בפרופיל רוצה לעשות לי תרגיל / מתחילה להתחיל להתחיל איתי / אמרתי תכיני לי טישפישטי / ואז כבר נראה אם תהיי אשתי / קודם תצאי מהוריד שלי / וגם מהנזיד שלי / ומהוויד שלי / ?מה את עושה / לוקץ' אמר לך לקחת פרסה / בכל זאת את כאן שוכבת לי על הספה / אוכלת לי מהריבה / אוי כלבה מה את עושה / (אמרתי לך לא לגעת לי בריבה)	סוויסה מציב למחזרת מבחן היתולי ומבקש שתכין לו טישפישטי, עוגת סולת טורקית מסורתית, כתנאי לכך שתיחשב ראויה להיות אשתו.	"סוויסה משתמש במונח ""טישפישטי"", כינוי רחוב נפוץ לקוקטייל אלכוהולי מתוק, ומבקש מהבחורה להכין לו את המשקה כמבחן קבלה אירוני."	"סוויסה משתמש במילת הסלנג ""טישפישטי"", המתארת ג'וינט המשלב חשיש ומריחואנה, ודורש מהבחורה להוכיח את נאמנותה דרך גלגול סיגריה עבורו."	סוויסה דורש מהבחורה להכין לו טישפישטי, תבשיל קדרה גיאורגי עשיר בבשר, כדי לבחון אם יש לה את כישורי הבישול המתאימים עבורו.
 אמן: ערוץ הכיבוד | הפירוש של: '(מתוקה כמו פלפל שיפקה (שיפקה' | הקשר: [וורס 7: לידוי] / (טניה את שברת לי את הפיקה (צ׳יקה / והכנסת אותי לדיכאון / (מתוקה כמו פלפל שיפקה (שיפקה / הדמעות זולגות על החלון	האזכור של פלפל השיפקה, הידוע כירק חריף במיוחד, נועד להמחיש באופן אירוני והומוריסטי שטניה אינה מתוקה כלל.	האזכור של פלפל השיפקה, שחריפותו מתנדפת בדרך כלל במהירות, נועד לסמל את אופייה ההפכפך ואת מערכת היחסים הקצרה.	האזכור של פלפל השיפקה, המתאפיין בצבע אדום עז, נועד להקביל בין המראה החיצוני הבולט של טניה לאופייה.	האזכור של פלפל השיפקה, המוגש לרוב בדוכני רחוב, נועד לרמז על כך שטניה היא בחורה עממית ונגישה.
 אמן: צוקוש | הפירוש של: 'איך שבא כסף כל אחד מניאק כמו טנצר' | הקשר: [וורס 1: אלבז] / לא הספקת למצמץ אני מתלבש על הקצב / פולש אל הרשת כובש ואז דורש את העצר / יורש של הכתר חרוזים יורה שבע מטר / בבאר שבע עשר בא יוצר ת'אש שבקצר / איך שבא כסף כל אחד מניאק כמו טנצר / כלבים ללא רסן אל תתקרבו לקונדנסר / 'סגרו טוב ת'לסת שתקו וקבלו את המסג / ואחריי זה תקלטו טוב ת'מסר ותפרשו מהעסק / תדברו כמו גנגסטר אתם תיראו שאחריי זה / לא תיזהרו כמו לייזר אתם תישמעו כמו איזה / כאלה שעשו נזק בזה שהם לקחו חלק / בהתחלה רשמו מלל ואז פרשו חטפו הלם / כי אלה תפסו לי תחת פיתאום / ושהטרנד ברח אז הם ברחו יחד איתו / אני וראפ תמיד יחד אז אין פחד ליטעות / עושה מהביצים של הפייקים מנת חביתות / לא אומר לי שום דבר שהארנק שלך ויטון / תחליף את השרשרת בצוואר בנחש פיתון / הכתיבה שלך פאקינג זין שלי עולה ת'כיתות / אופיע בארץ אתה אולי בעמודה בעיתון	השורה מאזכרת את הדמות ישעיהו טנצר מהסדרה ״שמש״, המוכר בכינוי ״טנצר המניאק״, כדי לתאר כיצד כסף הופך אנשים לאנוכיים ובוגדניים.	השורה מתייחסת לפרנק טנצר, דמות מוכרת מסרטי מאפיה של שנות התשעים, המשמשת כמטאפורה לאדם שמוכן לדרוס את חבריו עבור בצע כסף.	השורה עושה שימוש במונח הרחוב הירושלמי ״טנצר״, שמתאר אדם קמצן ואינטרסנט שנוטה להפנות עורף לסביבתו הקרובה ברגע שהוא מתעשר.	השורה שואבת השראה מאיש העסקים המושחת ארתור טנצר, ששמו הפך בסלנג הישראלי למילה נרדפת לאדם נצלן הפועל ממניעים אגואיסטיים לחלוטין.
" אמן: שב״ק ס׳ | הפירוש של: 'בכל זאת הגענו למרות הכל' | הקשר: [וורס 2 - מוקי\*שב""ק ס*] / *בכל זאת הגענו למרות הכל שבק ופישי פה* / (פישי: זה שיר ממש גדול) / שוב אני כאן נכנס עם פישנזון / עם בס פטישנזון - בחצוצרה תוקע / אם לא שמעת, אז עכשיו אתה יודע / זה הקווה קווה דה לה אומה מצפונה עד דרומה / יבנה עד לרומא מבת-ים עד אוקלהומה / פותחים היום דף חדש חלק כמו תחת של תינוק / כולם לשכוח מצרות כולם לשלוף חצוצרות / אני עושה לכם אורגז - מה אני עושה לכם? / הנה זה בה מרחבא מסיבה אליכם"	"השורה מהווה מחווה ישירה לפזמון השיר ""למרות הכל"" של להקת כוורת, ואף מבוצעת באותו הלחן."	"השורה מהווה התייחסות אירונית לשיר ""סוף עונת התפוזים"" של תמוז, המייצגת את חילופי הדורות במוזיקה."	השורה מהווה הצהרה חברתית על חדירת ההיפ־הופ למיינסטרים הישראלי, למרות התנגדות הרדיו הממוסד באותה תקופה.	השורה מהווה עקיצה ישירה כלפי חברת התקליטים של הלהקה, שניסתה לעכב את הפקת האלבום השני.
 אמן: נורוז | הפירוש של: 'מוזג תלין שלי לפנטה מורגנה בשמש' | הקשר: [ורס 2] / מוזג תלין שלי לפנטה מורגנה בשמש / דימיינתי עליה עוד נמש על אמת / אם הולכים למסעדה אז היא לא משלמת / היא הבינה כבר על מה היא חותמת / אני הבנתי שאנלא במסגרת / לך תקנה עוד איזה בושם בכוורת / אני בחור דיי מפוקפק יש לי משכורת משוערת / נפש קצת שוררת מציאות טיפה שורטת / אבל כולי לתפארת הצמרת אז בסדר / כשנכנס לי עוד פרוייקט אז יש לי בלגאן בחדר / בראש שומר על סדר אני חד יותר מבלנדר / יש הרבה הרבה מעבר בלי נדר / לא מפחד מהפחד אני רואה הכל ככה / מתרכז בצלחת שלי עושה את זה אחלה / נשבע אתה יוצא חומוס לך תנגב לך לאפה / או תנגב את הכאפה או שתדבר אל הלאמפה / יא טמבל / (למה ככה)	"נורוז משחק במילים ""פטה מורגנה"" ו""פנטה"" (המשמשת להכנת סם הלין), ומשווה בין השפעותיו מעוררות ההזיות של המשקה לתופעת חזיון התעתועים במדבר."	"נורוז משנה את הביטוי ל""פנטה מורגנה"" כדי לתאר אהבת קיץ, ומשווה בין אופייה המתוק אך המתעתע של הבחורה למשקה הקל והמוכר."	"נורוז משחק במילים ""פטה מורגנה"" ו""פנטה"" כדי לתאר הנגאובר מאלכוהול, ומשווה בין תחושת הצמא הכבדה ביום שאחרי למקסם שווא של נווה מדבר."	"נורוז משלב את המילים ""פטה מורגנה"" ו""פנטה"" כמטאפורה לזוהר תעשייתי, ומשווה בין הבטחות שווא של מפיקים מוזיקליים למשקה מתוק אך לחלוטין מלאכותי."
 אמן: ערוץ הכיבוד | הפירוש של: 'שומרת מבט' | הקשר: [בית 1] / פגשתי אחת, קראו לה מיכל / שומרת מבט, שיער מקורמל / קבענו לשתות, ישר היה קליק / הגיעה לבר, עם פויקה בתיק / נתנה לי בצל ביקשה שאחתוך / פתחה את הסיר, אמרה שים בתוך / הזמנתי חשבון אמרתי עליי / פתאום היא אמרה שהיא באה אליי / (?מה)	"הקצנה סאטירית של המושג ההלכתי ""שומרת נגיעה"", המרמזת בהומור כי רמת השמרנות שלה כה מחמירה עד שהיא אוסרת אפילו על קשר עין."	ביקורת חברתית על תרבות הדייטינג המודרנית, המתארת בחורה שמרוכזת לחלוטין במסך הטלפון שלה ונמנעת מיצירת אינטראקציה אנושית ישירה במהלך הפגישה.	תיאור פואטי של דמות נשית מסתורית וקרה, אשר משתמשת בהימנעות מקשר עין כטקטיקה פסיכולוגית כדי לשמור על ריחוק רגשי ולסקרן את הדובר.	התייחסות קומית להרגלי הבילוי סביב מדורות ופויקה, שבהם אחד המשתתפים לוקח על עצמו להשגיח בקנאות על האש והתבשיל מבלי להסיר את המבט.
 אמן: וייב איש | הפירוש של: 'מילה לעטר, אני רק עולה, רק עולה' | הקשר: ['וורס ב] / הנה משהו שחייב להיות מובן / אם 'תה מאבד ת'פלואו, אני מאבד עניין / וייב איש לא על זה הרבה, מן, וייב איש על זה כל הזמן / דרום תלא כמובן, אם תהית מהיכן / קפוצ'ון למעלה, מתחרים למטה, פאק לפרוש / שורף ת'במות, מותק, זה כוויות דרגה שלוש / בא לתת בראש, כמו קוביין רק בלי הקוקיין / והמוות שיט, ככה זה שוייב איש על הביט / סגנון בועט, הרמתם לוולה, לב עולה / מילה לעטר, אני רק עולה, רק עולה / מרביץ בהם חינוך כמו אבא'לה, אמא'לה / ?פלואו שלי חולה, חייב ביקור רופא, מה יהיה	"השורה מהווה מחווה לשיר ""עולה"" של האמן עטר מיינר, ומדגישה את התקדמותו והצלחתו המתמדת של הראפר."	השורה מהווה עקיצה כלפי אתרי המוזיקה המקומיים, ומדגישה כי הראפר ממשיך לטפס במצעדים ללא עזרת התקשורת.	השורה מהווה מחווה לשחקן הכדורגל אלירן עטר, ומדגישה את שאיפתו של הראפר לעלות לליגה של הגדולים.	השורה מהווה התייחסות לאזור התעשייה עטרות, ומדגישה את המסע הארוך שעשה הראפר מתחתית הרחוב ועד להצלחה.
 אמן: כהן@מושון | הפירוש של: 'כמו ברי ורמי, גם לנו יש ניצוצות' | הקשר: [וורס 3: מושון] / כמו הופמן אני קאבוי של חצות עסוק בלרצות / מכניס לאוזן עקיצות מלך של כל הביצות / לא צריך מעריצות קלאסי ואובד עצות / כמו ברי ורמי, גם לנו יש ניצוצות / תרימי את הראש שלך ככה את קולטת / תזיז את היד שלך תשים את זה על רטט / כהן את מושון מוציאים את המפלצת / תשים תנגן את זה זה - קלאסיקלטת	"השורה מתייחסת לשיר ""ניצוצות"" של פורטיס וסחרוף, ומשווה את הכימיה והשותפות המוזיקלית המוצלחת של כהן ומושון לזו של צמד הרוק האייקוני."	"הטקסט משתמש בביטוי ""ניצוצות"" כדי לתאר קרבות ראפ, ומשווה את הסגנון האגרסיבי של הצמד לאנרגיה המתפרצת שאפיינה את הופעות הפאנק של פורטיסחרוף."	"השורה מאזכרת את יצירתם של פורטיס וסחרוף, אך טוענת שבעוד שצמד הרוק התמקד באפלה, המוזיקה של כהן ומושון מביאה ""ניצוצות"" של אופטימיות לחברה."	"השורה רומזת לסכסוך הידוע בין ברי סחרוף לרמי קלינשטיין, ומעידה שגם בין חברי הרכב ההיפ־הופ ישנם חילוקי דעות יצירתיים המייצרים ""ניצוצות"" של מתח."
" אמן: אפוקליפסה | הפירוש של: 'כשאתה בעננים
 אל תתפלא שיש כחול בתמונה' | הקשר: [וורס 2: אודימן] / תנו לסטלנים לחיות יא מנאייק / אף אחד פה לא פראייר / שהוודקה מחייכת גם אני / החיוך תמיד יפה רק בצד השני / היום כל דבר אירוני כאן / אבא שלי אהב ת'ים בסוף, מת מסרטן / אצלנו הספק באלוקים זה הדבר הכי בטוח / שוטרים אומרים זה תיק סגור אתה עם פה פתוח / פרנואיד בלי קשר לגיל סטלן הוא כמו מלשין הוא רוצה רק להפיל / אין כבר אור זוהר בשכונה כשאתה בעננים / אל תתפלא שיש כחול בתמונה / המורה אם את אומרת שאני חכם את אמורה להבין / שאני יודע שאת אומרת את זה לכל אחד / תדעי בזמן שאת אומרת לו שאין לו ראש בכלל / כך הוא יוצא שהוא מעשן כדי לקבל אחד / גאון משיכמו ומעלה עם ידו על העליונה וואלה הוא נפל סמאללה / החינוך שאני קבלתי זה לחיות את המחר / אל תתפוס גובה כי יש מלשין שיפיל אותך / הפוך את הדף תמלא ת'דפים הריקים במדף / אל תפנה לי ת'גב בחיים שלך קלוט את השקר הגס והוא צף / במצב מסוים של הפחד בצד השני נולדנו להיות מלכים / אבל אנחנו עסוקים בלבכות לממשל אלים"	משחק מילים כפול: 'בעננים' מתאר מצב של התמסטלות מסמים, ו'כחול' מסמל את המשטרה, כלומר צפוי שעישון סמים יוביל בהכרח להיתקלות עם רשויות החוק.	התייחסות לאלימות רחוב: 'בעננים' מתאר את הרצון לברוח מחיי הפשע ולפנטז על עתיד, ו'כחול' מסמל חבורות ומכות, כלומר המציאות האלימה תמיד תשיג אותך.	מטפורה למצב נפשי: 'בעננים' מסמל הצלחה והגשמה עצמית, בעוד 'כחול' מייצג דיכאון ובדידות, כלומר גם בפסגת ההצלחה אי אפשר לחמוק מתחושות של עצבות.	דימוי חברתי ומעמדי: 'בעננים' מתאר התעשרות או עלייה בסולם החברתי, ו'כחול' מתייחס לעין הרע ולקנאה, כלומר הצלחה תמיד מושכת צרות עין מהסביבה.
 אמן: וייב איש | הפירוש של: 'שוב בלעתי פוקדור,' | הקשר: [וורס ב': מיכאל סוויסה] / מחשמל כמו הרגע שבו אש פגש את פיקאצ'ו / שוב בלעתי פוקדור, מוריד עם כוס של ג'ין אנד ג'וס / עד שהגלגל שלי מפסיק לזוז / שאוטאאוט לסוחר שלי מגיע לו 30 אחוז / חי בסרט סימה נון, משאיר ת׳ביט עם סימנים הכי שנון / האם-סי הכי שנוא זה סוויסה נו / ראפרים לוקחים אותי ברצינות / נכנס אל הזירה בתחתונים עם זיקוקי דינור / לא קל להיות כמוני זה דורש אימון / מפגין מחוץ לסניף תיקון עולם צועק ״דורש מימון״ / העיקר שיש אמון כל עוד ישלמו / ברור, לך תשאל את וייב איש מי עושה ת'מוב, יא גמור / עוד רגע מתפוצץ, אז יאללה בוא נתקתק / איך כל הטריפ הזה עליי ואין טיפה של ספק / אגב, כמה גרם נשאר? אולי תשאל ת'שופט / כל היום חצי אפוי, הגעתי ככה קומפלט	סוויסה משתמש ב'פוקדור' כמשחק מילים ל'פה כדור', כדי לרמוז על צריכת סמים תוך המשך מוטיב הפוקימון בשיר.	סוויסה משתמש ב'פוקדור' כמטאפורה לתחושת הכליאה בתעשיית המוזיקה, בדומה לפוקימון שנלכד בכדור ומופעל על ידי גורמים זרים.	סוויסה משתמש ב'פוקדור' כסמל להתמכרות לאסקפיזם, כאשר הבליעה מייצגת שקיעה מוחלטת בעולם הווירטואלי על חשבון המציאות היומיומית.	סוויסה משתמש ב'פוקדור' ככינוי לסוג ספציפי של כדור אקסטזי בצבעי אדום ולבן, שהיה נפוץ בסצנת המועדונים המקומית.
" אמן: כהן@מושון | הפירוש של: 'הצבע הבהיר הפך כהה ואז עמום
 אם תדבר ישיר אתה תקבל מבט המום' | הקשר: [וורס 2: רביד פלוטניק] / הצבע הבהיר הפך כהה ואז עמום / אם תדבר ישיר אתה תקבל מבט המום / כשרובוטים עם אייפונים נלחמים בשיעמום / אומרים שמי שנולד עם חלומות נולד עם מום / היה תקופה מצאתי מדיטציה רק בחום / רוצה להיות מבסוט, כבר לא חולם להיות טחון / עולם שרוט - או שאתה גאון הדור או סתום בלום / ככל שמתבגר אני מבין אני לא יודע כלום / אז איך אתה משפר ומתקן? / פרצופים יפים על בניינים, החיים זה לא ברבי וקן / הגוזלים לא ממריאים ואוטוטו הנשר הזקן / בא טורף את כל יושבי הקן / תגיד שלא תגיד שכן לא רלוונטי / כל פעם שהסבירו לא הבנתי / החיים שלי גלים גלים, תורת הקוונטים / אל תיפול לתוכן החלול / גם כשהכול הופך כהה תראה צלול"	הדובר מבקר את צביעות החברה המודרנית, שבה האמת כבר אינה ברורה ובהירה, וכנות ישירה הפכה לנדירה עד כדי כך שהיא מעוררת פליאה.	הטקסט משקף את האכזבה מתעשיית המוזיקה המסחרית, שבה יצירה אותנטית ומקורית הולכת לאיבוד, וטקסטים כנים מדי מתקבלים בהלם על ידי הקהל הרחב.	השורות מתארות שקיעה לתוך דיכאון ושחיקה נפשית, מצב שבו העולם מאבד מיופיו וניסיונות לבקש עזרה באופן ישיר נתקלים בחוסר הבנה מוחלט.	הדובר מתאר את אובדן התמימות של הילדות, שבה העולם נראה מואר, בעוד שבבגרות הבעת רגשות כנה נתפסת כחולשה ומעוררת רתיעה בסביבה.
 אמן: שקל | הפירוש של: 'אני בחור נעים, עם חלומות נחמדים' | הקשר: [וורס 1] / אני בחור נעים, עם חלומות נחמדים / אז תגידו לאמא סליחה כי יש זמן עד שיהיו נכדים / כי אני לא כמוכם, אני לא זהיר / יושב ימים בחדר, לא יוצא לעיר / קראו לי כוכב, עוד מגיל צעיר / אין לי מודל לחיקוי אני לא חי כמו אף 'חד שאני מכיר / סקס איטי, כסף מהיר / לא לוקח ללב, לכולם יש מחיר / צריך להתחיל להיזהר במי אני מתאהב / יש שנים שלא יחזרו לי חזרה / ד״ש לכל אחת ששברתי לה תלב / ד״ש חם לאלה ששברו לי חזרה	"השורה מהווה תרגום ישיר ומחווה למילים מתוך הלהיט של סנופ דוג ""Drop It Like It's Hot""."	השורה מהווה ציטוט ישיר ומחווה למשפט הפתיחה מתוך אלבום הבכורה של הרכב ההיפ-הופ הישראלי שבק ס'.	השורה מהווה אזכור אירוני ומחווה למילים מתוך הבלדה הקלאסית של שלמה ארצי, המדגישה את אובדן התמימות.	"השורה מהווה תרגום חופשי ומחווה למילים מתוך השיר הקלאסי של טופאק שאקור ""I Ain't Mad at Cha""."
" אמן: ג’יגה ג’וס | הפירוש של: 'מתפוצץ בום קאסם מכאן עד מומבסה' | הקשר: [וורס ג': טי.או.בי] / אוקיי בוא תביא צ׳ר ונדבר על ויז׳ן / הייתי ילד קריצ'ר, מתחנן מזי לפיצ׳ר / Shares לא עניין 'תי מה יביא To Be Fair? פישר אבל / רציתי רק לזרום ושלא יבוא לי הווישר / היה לי רק חלום וביטחון עצמי בליטר / גם עם מיקרופון הרוס וסאונד עמוס בפאקינג ריוורב / נכנסתי 7/2 על עיוור עדיין תפסתי בריוור / ככה זה שאתה נאמן למשחק כמו גולדן רטריבר / גם בימי הביניים / הוצאנו ת'מיטב בכל תו על כל ליין / לא נתנו לנו גב אבל שמנו על הכל זין / עדיין עשינו ת'מירב כמו ליאור שליין בכל ריים / בכל טיים‏ ,all day / ראפ ראפ ראפ לא הפסקנו לטחון מים / הטרדתי כל בן אדם פה עם אוזניים / שאלו מאין באתי הצבעתי לשמיים / אני לא מכאן תקראו לנאס""א / בא עם בום באפ ראפ של הקודס אל אקצה / מתפוצץ בום קאסם מכאן עד מומבסה / לא נמאס טס על בית אס מי קאסה סו קאסה / אני טו טו קלאסה טו דו באסה / הכל טו דו בום הכל טפו טפו חמסה / גם כשאני מרגיש מובס מופסה / עדיין מנגן על ביטים כמו דודו טסה / פורץ דרך עם פה של חולה טורטס / עד שלא נתפוצץ לא יורד מהעץ / חזון כמו מאה הרצל תגביר ת׳י במגה הרץ / אני פה לא מחליק דבר אני לא מגהץ / בלי לקנות כתבות בלי לחיות מטובות / עוד נלך עד הסוף ולא נשאיר עקבות / עד שנשבור במות ונסגור הלוואות / ונכבוש ת׳פסגות כמו נוער גבעות"	השורה מאזכרת את הפיגוע במלון במומבסה בשנת 2002, שבו פוצצה מכונית תופת ושוגרו טילי כתף לעבר מטוס נוסעים ישראלי.	הביטוי שואב השראה מסגנון האפרוביט שמקורו במומבסה, ומשווה את המקצבים השבטיים והבס העוצמתי של השיר להדף של פיצוץ טיל.	הראפר מתייחס למבצע צבאי היסטורי באפריקה, תוך השוואת החדירה המהירה והמתפרצת של כוחות הביטחון במומבסה ליכולותיו הווקאליות על הבמה.	השורה משתמשת במומבסה, עיר נמל אפריקאית, כדימוי מטאפורי לתפוצה הגלובלית של המוזיקה שלו, שמתפשטת בעוצמה מתפרצת ומהירה כמו רקטה.
" אמן: שם טוב האבי | הפירוש של: 'בימים ההם אין מלך, אין נביא' | הקשר: [בית א': שם טוב האבי] / בימים ההם אין מלך, אין נביא / הם מחפשים מושיע וזה לא אני / עבריין נמלט / אני לא מוריד פרופיל / אל תשאל אותי מי אני / אל תשאל / אל תשאל / אל תשאל / אל תשאל / מתחמק מימ""ר מרכז / הימ""מ, אל סם, היס""מ עליי / מסתובב עם פוטין / קים ג'ונג און / גוצ'י / משלם עליי / אומר היי לאילון / ביי לבזוס / יש לי ארבע ""וובוס"" / איכס / תעשו כפיים! / בוא'נה, איך עשית את זה? / לא שמת לב שכולם פה ביהוד ""יס מנים""? / אתה אומר להם מה לעשות / הם לא שואלים שאלות / תבדוק אותי. -אוקיי, אוקיי / כל מה שאני עושה, אתם אומרים: / אמן! / כל מה שאני אומר, אתם אומרים: / אמן! / תפסיקו להגיד ""אמן"" על כל מה שאני אומר / ותפתחו דעות משלכם / אמן!"	השורה מרפררת לפסוק מספר שופטים, ומתארת מצב של אנרכיה, שחיתות מוסרית והיעדר מנהיגות, שבו כל אדם עושה ככל העולה על רוחו.	השורה משקפת את תפיסת עולמו הניהיליסטית של הדובר כעבריין נמלט, המרגיש שהוא חי במציאות נטולת סמכות חוקית או מצפן מוסרי מכוון.	השורה מבקרת את המערכת הפוליטית הנוכחית בישראל, וטוענת שמאז ימי מנהיגי העבר הגדולים אין כיום דמות מנהיגותית או חזון לאומי ברור.	השורה מתייחסת לסצנת ההיפ־הופ הישראלית, ורומזת שלאחר שקיעתם של חלוצי הז'אנר נותר חלל ריק ללא ראפר מוביל או קול אותנטי משמעותי.
" אמן: שאזאמאט | הפירוש של: 'תכניס מפתח אל הסוויץ’ ובוא נשמע תשאגה
 כנס אל הדלורי-וואן, אפשר להירגע' | הקשר: [וורס ב': ז'אק] / שמישהו יסביר לי איך קורה / שבן־אדם נרדם חמש דקות ומתעורר / אחרי עשרים שנה, קורי שינה של ספיידרמן / הבל הבלים, יעני הבל פה, מה אתכם? כמה זמן ישנתי? (פאק) / צריך למצוא פה טרמפ חזור, יעני טרנזיט לפחות / זה שבע נפשות בגאז', גדול כולם ביחד (הו!) / אין לקנות ואין לבנות, עם שתי ידיים שמאליות / אין מנוס מלהחזיק מסור, לשבת על התחת / ?ככה לא בו-נים חו-מה, מה עו-שים אם אין מו-שג / כי מרכיבים פה מכונה של זמן ואין מוצא ואין מצב שמישהו יתקן / נתקענו כאן לאללה, הלאה לשנס מותניים / כולם צ׳ייסר גריז (לחיים), קארמה מצלצלת מכריזה שזה הספתח / טנק מלא בנזין, אז יאללה בוא נשים גז / אשכן נו תניע (סע בזהירות) / אין פה לוח שעונים, הכל זה אייפד פרו / לפני שמתחילים אפשר לחתוך ת'מתח בסכין / תכניס מפתח אל הסוויץ' ובוא נשמע תשאגה / כנס אל הדלורי-וואן, אפשר להירגע"	"השורה משלבת את הדלוריאן מ""בחזרה לעתיד"" עם המילה ""וואן"", כמשחק מילים המתאר מכונת זמן גדולה מספיק להכיל את כל שבעת חברי הלהקה."	"השורה משלבת את המילה ""דליריום"" עם המילה ""וואן"", כמשחק מילים המתאר את החוויה הכאוטית וההזייתית של מסע הופעות בצפיפות עם כל חברי הלהקה."	"השורה משלבת את המילה ""דליברי"" עם המילה ""וואן"", כמשחק מילים המתאר רכב עתידני אוטונומי המבקר את השתלטות הטכנולוגיה על חוויית הנהיגה האותנטית."	"השורה משלבת את שמו של יצרן הרכב ""דלוריאן"" עם המילה ""וואן"", כרפרנס לרכב ההסעות המיתולוגי של חלוצי ההיפ־הופ הישראלי בשנות התשעים המוקדמות."
 אמן: פייק אביב | הפירוש של: 'ביצ’ז אוהבות אותי כמו צ’יף קיף' | הקשר: [וורס] / היא שמה עין על הלב שלי זה לא סי די ג'י / אתה לא בגאנג שלי שאוטאאוט ג'י סי ג'י / אני אתפוס תך בפינה גבר זה לא די וי די / וכל הקרו שלי לצידי אנ'לא צריך עוד ידידים / מערבב את כולם כמו מילקי / טמבלים חושבים שאני מיק מיל / משיג ת'מיליון שלי כמו טילטיל / ביצ'ז אוהבות אותי כמו צ'יף קיף / הצוואר מלא בצ'יינס אין מקום להיקי / אם אתה תיכנס איתי לביפים / אז אתה תסיים אותם כמו ביגי / פאק על כמה שמת על הייזי / למה אתה חושב שאתה דריפינג / ביץ' אתה נוטף רק אם עשיתי עליך פיפי / מסתובב על הביט כמו ביסלי גריל / עם הגרילז על הביט כמו ריץ' דה קיד / הם מסתכלים מהצד וזה לא מזיז / רק הגעתי כבר אין אותי אז כדאי שתחשוב זריז	"אזכור ללהיט המפורסם ""Love Sosa"" של הראפר צ'יף קיף, אשר הפזמון שלו עוסק באובססיה ובהערצה של נשים רבות כלפיו."	התייחסות לאורח חייו הראוותני של הראפר צ'יף קיף, אשר מוכר במדורי הרכילות כמי שמנהל מערכות יחסים רבות במקביל עם נשים שונות.	מחווה למיקסטייפ הראשון והמצליח של הראפר צ'יף קיף, אשר עוסק רבות באופן שבו ההצלחה הפתאומית הביאה לו מעריצות רבות ומושבעות.	אזכור לראיון ויראלי ומוכר של הראפר צ'יף קיף, אשר בו טען בביטחון מופרז כי כל הנשים בתעשיית המוזיקה מאוהבות בו בסתר.
" אמן: עטר מיינר | הפירוש של: '[סגיר: הרב שלמה קרליבך]
 דע לך אני כבר בת”א אני ממש לבד, אין לי אף בן אדם אחד. אתה יודע כבר כמה פעמים כבר ניסיתי לאבד עצמי לדעת? בתוך הים, אני כבר בתוך הים ואני כמעט טובע פתאום אני שומע את קולו של הרבי הקדוש: “קינדרלך, זיסר תארי קינדרלך...”    ...הדבר הכי גדול, לעשות טובה למישהו. מה אגיד לך, אתה יודע כמה תורות אפשר לעשות ברחובות ת”א?' | הקשר: [סגיר: הרב שלמה קרליבך] / דע לך אני כבר בת""א אני ממש לבד, אין לי אף בן אדם אחד. אתה יודע כבר כמה פעמים כבר ניסיתי לאבד עצמי לדעת? בתוך הים, אני כבר בתוך הים ואני כמעט טובע פתאום אני שומע את קולו של הרבי הקדוש: ""קינדרלך, זיסר תארי קינדרלך...""    ...הדבר הכי גדול, לעשות טובה למישהו. מה אגיד לך, אתה יודע כמה תורות אפשר לעשות ברחובות ת""א?"	"הקטע מסמפל ציטוט מתוך סיפורו המפורסם של הרב שלמה קרליבך, ""הגיבן הקדוש"", העוסק בבדידות, ייאוש והצלה רוחנית."	הקטע מסמפל נאום נדיר מתוך הופעתו האחרונה של הרב שלמה קרליבך בתל אביב, העוסק בניכור העירוני ובחיפוש משמעות.	הקטע מסמפל קריאה של הרב שלמה קרליבך מתוך איגרת של רבי נחמן מברסלב, העוסקת בסכנות הטמונות בהתבוללות וחילוניות.	"הקטע מסמפל ציטוט מתוך סיפורו המוכר של הרב שלמה קרליבך, ""היתום מיפו"", העוסק בהתמודדות עם פוסט-טראומה ואובדן."
" אמן: אפוקליפסה | הפירוש של: 'היום סומך על חברים כמו על רכבת ישראל
 הבנתי, שבסוף אני כולה רק עבד, ישראל' | הקשר: [וורס 1: פלאשבק] / אם יש סיבה אחת לזה שאני כאן, אני עוד מחפש אותה / אין פה שום קשת בענן, ואין אוצר בשום קצה שלה / יש לי רק תקוות, ומריבות שאין להן שום יעד / הטבות בין צעד לצעד / זה ידוע שצרות יודעות לבוא רק בצרורות / החלומות שפעם היו, היום הפכו לפשרות / בלילות אנ'לא נרדם, אז כל הזמן שפוך, היום / החרדה זה רק חדרה שדיסלקט כתב הפוך / שיגעו לי כבר ת'מוח, אין לי דרך לחפש את / מה שאני רוצה להיות, כי אין בזה ת'כסף / אומרים שהתבגרתי וזה מסיבה אחת / זה כבר חודשים שלא יצאתי למסיבה אחת / קובר ת'צמי בעבודות, ואין לי זמן לישון / המשכורת זה כמו לעשות חורים כדי לנשום / היום סומך על חברים כמו על רכבת ישראל / הבנתי, שבסוף אני כולה רק עבד, ישראל"	הדובר מביע חוסר אמון בחבריו דרך השוואתם לרכבת ישראל המשובשת, ומדמה עצמו לעבד, תוך משחק מילים מצלולי בין 'רכבת ישראל' ל'רק עבד, ישראל'.	הראפר מציג את חבריו כמשענת יציבה דרך הדימוי של רכבת ישראל הוותיקה, ומדמה עצמו לעבד נרצע, תוך מחאה חריפה על יוקר המחיה במדינה.	האמן מבקר את הריחוק החברתי דרך הניגוד לרשת הרכבות המחברת את הארץ, ומדמה עצמו לעבד מודרני, תוך התייחסות למעמדו הנחות של האזרח בישראל.	הדובר מתאר את חבריו ככוח מניע חזק דרך השוואתם לרכבת ישראל המהירה, ומדמה עצמו לעבד של המערכת, תוך ביקורת על תרבות הצריכה הישראלית.
 אמן: סטילה | הפירוש של: '!מליון בקבוקים של גינס מאן, שוברים פה שיא' | הקשר: [וורס 1] / עוד סוף שבוע, זה הסאמר טיים / הכל יהיה סבבה, כולנו באותו ווייב / הכיס מלא שקלים, אין דאגות עליי / פול ווליום מוזיקה, כולם רוקדים ת'לוקו ויין / יורד לחוף, מרגיש חופשי, עבאדי בבגאז׳ / יש אחלה נוף, מלא נשים , קורונה בארגז / אם ת׳רוצה להצטרף אז בוא ניסע (בוא) / אוזניות בכיס, המוח על מצב טיסה / יש מסיבה באוטו, חם - אני מיובש אחי / הבאסים שלי כבדים שרועדות האשכים / המצב רוח בשמיים, בוא נרים כוסית / !מליון בקבוקים של גינס מאן, שוברים פה שיא / אז מה זה משנה? תבוא ואל תשכח חכה / חונה בלי לשלם, יש לי קשרים עם הפקח / שותה בפה שלם, טקילה ובלי הפסקה / יש אחלה וויד בתא כפפות, הבאתי אספקה / זרוק בדשא איך השמש מלטפת / את כל הבעיות שכחתי, אני מרחף (איזה כיף!) / כולי בפנאן, וכל החבר׳ה מחוקים / וואלק ממשלה בהיי, עכשיו הוויד שלי חוקי / הבאתי שתי מליון בלוטו, כמה טוב (טוב!) / גם גידלתי ראסטות, לא צריך יותר לחפוף / יא, משהו לא נשמע לי הגיוני אחי, מרגיש לא אמיתי / !פתאום רינגטון מעצבן מתחיל, הבן זונה מעיר אותי	"משחק מילים המשלב בין בירת ""גינס"" לספר השיאים של גינס; הדובר מתרברב ששתה כמות כה גדולה של בירה עד ששבר שיא עולמי."	משחק מילים על מותג הג'ינסים המוכר; הדובר מציג ערימה עצומה של בגדי מעצבים וטוען ששבר שיא מקומי בכמות פריטי האופנה ברכבו.	"התייחסות לזן קנאביס יוקרתי בשם ""גינס""; הדובר מתפאר בכך שהשיג כמות חסרת תקדים של בקבוקוני שמן רפואי, ובכך שבר שיא בין חבריו."	"שילוב בין המשקה ""ג'ין"" למילה האנגלית ""אייס"" (קרח); הדובר מתאר מסיבה ראוותנית שבה נמזגו אינספור בקבוקי אלכוהול קפואים ששברו שיאי צריכה."
" אמן: הלם תרבות | הפירוש של: 'באנו ארבעה נינג’ות, קוואבנגה' | הקשר: [וורס 1: איזי] / חברים התקשרו שאלו אותי ""מה הדיבור?״ / אמרו שפתחו מועדון לא רחוק, בוא נבדוק ת'סיפור / לא ברשימות, גם הגענו באיחור / לא היה לי כח לחכות, בקיצור / נכנסו בטעות לאיזה מועדון שבור שהיה שם באיזור / פתאום מצאנו את עצמנו בערב של סלסה וסמבה (וואי וואי וואי) / פתאום אחת שם דפקה לי מבט של מתי אני שם בה (איך את במאי?) / היא מענטזת ואני רוקד על הבר כמו טמבל (כולי בהיי) / באנו ארבעה נינג'ות, קוואבנגה / היא שמה את הלבבות של כולם על המנגל / מסתובבת לי במחשבות וכולי מסוחרר, וואי / שוב תפסה אותי לא מוכן"	"השורה מאזכרת את צבי הנינג'ה, רביעיית גיבורי-על בדיונית, תוך שימוש בקריאת הקרב המפורסמת שלהם ""קוואבנגה"" כדי לתאר את כניסת הראפר וחבריו למועדון."	"השורה מתארת הזמנת ארבע מנות של קוקטייל חזק המכונה ""נינג'ה"", כאשר הקריאה ""קוואבנגה"" מתייחסת למנהג שתייה קבוצתי המקובל במועדוני הלילה של תל אביב."	"השורה מאזכרת הרכב ברייקדאנס ישראלי מוכר בשם ""ארבעת הנינג'ות"", תוך שילוב המונח ""קוואבנגה"" שמתאר תנועת ריקוד אקרובטית המאפיינת את סצנת הסלסה המקומית."	"השורה מתייחסת לסלנג התל-אביבי בו ""נינג'ה"" מתאר אדם הלבוש שחורים, בעוד שהמילה ""קוואבנגה"" משמשת לתיאור מסיבת אנדרגראונד או לילה פרוע וחסר מעצורים."
 אמן: פרודוקס | הפירוש של: 'מייצג ת’עמק' | הקשר: [וורס 4: פלד] / סעמק / מייצג ת'עמק / כולם דורכים על אותו נמק לא דורכים לי נשק / אשכרה דגים מתים נופלים ברשת / אזלו להם המים בדבשת / פלד הגיע לייבש את, הסצינה / שומר על הפאקינג נתק / חרא של תשתית יא בנזונה תקרא לבזק / מי שמתעסק איתו בסוף גומר עם נזק / גומר עם נזק, עושה ממנו רסק / חלאס, נגמר לי כבר הסוללות בטייפ / ו-וואלה, נשבר לי כבר הזין מהראפ / כולם פה מודדים לי כמה חרוזים בוורס / אתה חוזר אחורה כמו שאמאש'ך עושה רוורס / זה כולה מוזיקה, תפסיקו לזיין ת'מוח / כי את פילה-מאן לא מעניין / כל הדיבורים האלה שלהם בז / אם זה טופאק, ביגי, ג'יי זי או נאז / אז סתום כבר את הפאקינג פה ש'ך / לבוא מולי זה כמו משפחת פשע / אפח'ד לא יודע, אפ'חד לא שמע כלום / הסתובבת אחורה, קיבלת בום	השורה מתייחסת לעובדה שפלד גדל במושבה מנחמיה שבעמק המעיינות, והוא מתגאה במוצאו הגיאוגרפי המקומי.	השורה מתייחסת לחיבור של פלד לקיבוצי עמק יזרעאל הוותיקים, והוא מתגאה בשורשיו החקלאיים העמוקים.	השורה מתייחסת למעורבות של פלד בסצנת המחתרת בעמק חפר, והוא מתגאה בתרומתו לתרבות השוליים.	השורה מתייחסת לבילויים של פלד באזור עמק האלכוהול בראשון, והוא מתגאה במעמדו בסצנת המועדונים.
" אמן: מאור | הפירוש של: 'לא בדוק שיש עוד לייף
 שאוטאאוט לאבה, זה המוטו' | הקשר: [וורס 1] / צמוד לכניסה של הבניין / תחנה משמאל, שתי מטר מהבית / המוביט אמר לי עשר / איכשהו חיכיתי עשרים ושתיים / ואני כבר קרוב לעשרים וחמש / מפחד לעצור כמו ליים / ילדים מזהים ברחוב? אולי / מה זה משנה אם הארנק שלי לייט / לא בדוק שיש עוד לייף / שאוטאאוט לאבה, זה המוטו / הדגל בא כחול לבן אבל / אין איפה לשים ת'אוטו / סיכוי שיצא מזה משהו / זהה לסיכוי שנביא בלוטו / אני מהמר על עצמי / אבא שלי אומר שלהמר זה לא טוב / אמא שלי מתקשרת / אומרת שיש עוד אחיין בדרך / אמן שיבוא בשלום / שלא יכיר חרב, שלא יחווה חרם / מנסה לכתוב לאחותי כמה מילים / מרגיש שיצא לי בערך / מטר שמונים ושתיים על מאה שבעים ושתיים / הלכה לי הברך"	"השורה מהווה רפרנס ישיר למילים של הראפר לאבה דום מתוך השיר ""חושם לאב"" של סוויסה, המבטאות חוסר ודאות לגבי החיים."	"השורה מהווה מחווה לסצנת המועדונים של תל אביב, בה המונח ""לאבה"" מתייחס לאנרגיה של הלילה ולתחושת המיצוי של חיי הבליינות."	"השורה מהווה אזכור לפילוסופיית החיים של חבורת ""לאבה"", קולקטיב אמנים ירושלמי המקדש את הרגע הנוכחי מתוך אמונה שאין חיים נוספים."	"השורה מהווה ציטוט מתוך שיר גנוז של הראפר פלד, בו המילה ""לאבה"" משמשת כדימוי ללחץ הנפשי ולתחושת השחיקה של אמנים."
 אמן: וייב איש | הפירוש של: 'סיפין הני הני הני, עד שאין אותך' | הקשר: [וורס א': וייב איש] / חמישי בערב מתארגנת / ברור לי שיקח זמן זה לא סרט / ידידות חופרות לך ״בואי לשבת״ / אבל את הכי יפה כשאת מסננת / אז מכינה לך עוד פ׳ייס / מאה סלפ׳יז, העיקר אחד נייס / שלוש-מאות בכיס, מרגישה מפעל פייס / עפה על עצמך ביג, הכנה לקורס טייס / ומגיע לך / שוב פעם הנהג של המונית, הוא מחכה רק לך / סיפין הני הני הני, עד שאין אותך / שוב שכחת ת'תעודה מסובך / אבל הסלקטור כבר מכיר אותך כן הוא אח / אז כפרע תהני מהזוהר תזיזי ת'בודי כאילו שזה כסף לתואר / סלואו מואו כמו משלוח בדואר / זה יופי פלילי, נראה לי את ברחת מבית סוהר	"""הני"" מתייחס לקוניאק הנסי, תוך יצירת משחק מילים פונטי בין הצליל של המילה ""הני"" לבין המילה ""אין"" המופיעה בסוף השורה."	"""הני"" מתייחס לזן קנאביס מוכר בשם ""האני"", תוך יצירת הקבלה ישירה בין פעולת העישון הרציפה לבין אובדן החושים ההדרגתי של הדמות."	"""הני"" מתייחס לסלנג מקומי נפוץ למונח ""מאני"", תוך יצירת קשר רעיוני לשורות הקודמות העוסקות בתחושת העושר המדומה של הדמות במועדון."	"""הני"" מתייחס לכינוי החיבה האנגלי ""האני"", תוך יצירת ניגוד אירוני בין המתיקות המרומזת במילה לבין תחושת הריקנות שמשתלטת על הדמות."
 אמן: שקל | הפירוש של: 'לכהן את מושון אבל אנ’לא ילד נכון Shout' | הקשר: [וורס 1: שקל] / אנ'לא מישראל אני מתל אביב (באם!) / מריחים את הוויד איך שאתה נכנס לעיר / מאשים את כולכם בטעויות שלי / בייבי תזהרי, אני עוד עלול להתאהב בך / אוכל את הדייסות שבישלתי בלי מתכון / לכהן את מושון אבל אנ'לא ילד נכון Shout / משחק כמו צעצוע במה שמשמעותי / פרמננט, קעקוע, לא תוכלי למחוק אותי / דרום אמריקה על קו, להגשים חלום עכשיו / סבתא אייאווסקה, אני עדיין מאוהב / חוזר כמו רוחניק, רק לא לכולי אללה יסטור / אחרי 3 כוסות שובר שמשות כמו אריסטו / כל היום מחפש סיבות לא לזכור מי אני / יש לי צלקות והן לא על העור שלי / אמא שוב שואלת אותי מה יהיה / אני עומד להתפלפ כמו קניה	"השורה מהווה מחווה לצמד ההיפ-הופ הישראלי כהן@מושון, תוך אזכור ישיר של שירם המוכר ""ילד נכון""."	"השורה משתמשת במונח ""כהן"" כסמל לממסד, ומבקרת את הציפייה החברתית מהאמן להיות ""ילד נכון"" ומנומס."	"השורה מתייחסת לתפקיד המשחק של מיכאל מושונוב בסרט אינדי, בו גילם דמות של ""ילד נכון"" וצייתן."	"השורה מאזכרת שיתוף פעולה גנוז בין שקל לצמד כהן@מושון, פרויקט שתוכנן לצאת תחת הכותרת ""ילד נכון""."
 אמן: כהן | הפירוש של: 'אין לי ערק ערק וגם אין לי אוי כפרה שלי' | הקשר: [וורס 2] / בוא תרים בואי תרימי גם / מאמין, ורוצה שתאמיני גם / שאל את ויקי ואת סירי גם / כהנוב בשביל הילדים קרא לי מיקי קם / וזה נשמע כל כך קריספי כמו ביסלי / הם אומרים אני יותר מדי ארטיסטי / זה מיסטי הכח של המילה תמיד מטיס׳תי / שומר את זה פשוט אבל נשמע קצת אליטיסטי / פיס! אני עפתי, שיגעתם כבר את ראבו ונשבע שהתעייפתי / מסתכלים עליי כמו חיה שבספארי / לא מבינים איפה החבאתי ת׳שרשר והפרארי / או איפה הגיטרה שלי / אולי תאכלו תחרא שלי / אין לי ערק ערק וגם אין לי אוי כפרה שלי / חי בתוך תרבות שרק רוצה אותך צוחק או רציני / ואני פשוט מנסה להיות אני	"כהן מאזכר בשורה זו שני שירים בולטים מההיפ-הופ הישראלי: ""ערק"" של דודו פארוק ו""כפרה שלי"" של רביד פלוטניק."	כהן דוחה בשורה זו את הציפייה לשלב מוטיבים מזרחיים עממיים במוזיקה שלו, כמו שתיית ערק ושימוש בסלנג רחוב מצוי.	כהן עוקץ בשורה זו את סגנונם של אמני פופ ים-תיכוני, תוך ציטוט מתוך להיטים מוכרים של עומר אדם ופאר טסי.	כהן מצהיר בשורה זו על אורח חייו הנקי מאלכוהול, ומדגיש כי הוא מסרב לאמץ פרסונה מזויפת של אמן מיוסר.
 אמן: פי.אר. טרופרז | הפירוש של: 'אני קושר פי אר אל קודס כמו רוקי בי' | הקשר: [וורס 1: אלפרברוס 100% כותנה] / ניסיון ראשון לגב אימתני כמו שיש לי בדרך כלל / קצת מבוהל כי אולי החומוס שאני מוכר הוא קצת מקולקל / של נעליי מעל רגליי אז אולי תשילי את החולצה / ?תגידי לי אני נראה לך ירושלמי / אני התכוונתי למציצה, נו / שלוש שנים מחוץ לעיר / כל מה שחיפשתם אנחנו מצאנו, יענו / עד שלקחנו את זה, וייעלנו לזה את המאמא - יענו / כל מה שידענו ראית / אלפרברוס 100 אחוז כותנה / ?את מרגישה את הריקוד / כי בפנים יש קרחנה משוגעת / אוטוטו היא מתפרצת / מילים זורמות עכשיו בשצף קצף / לוחץ יו סי קיי רווח יו עושה הום ואז לוחץ אף / עד עכשיו זה לא הביא לי כסף / רק איומים בטלפון / באמצע היום, מביט מהחלון - ויש שם סירנה בצבע כתום / מוקד מודד לי את הסטוקים / אני קושר פי אר אל קודס כמו רוקי בי / מחבר קצוות כמו כבל, אנלוגי / מי אמר אלפרבר? היה ונשאר כל כך דרמטי / אז בוא ונשאל את הקהל - אם הוא זוכר מאיפה באתי	השורה מקשרת בין הרכב הפי.אר טרופרז לירושלים (אל קודס) דרך אזכורו של רוקי בי, אמן היפ-הופ בולט ומגוון שייצג את הסצנה הירושלמית.	הראפר משווה את יחסי הציבור (פי.אר) של ההרכב לתפוצת העיתון ״אל קודס״, ומצהיר שהוא נלחם על מעמדו בתעשייה בדיוק כמו המתאגרף רוקי בלבואה.	השורה מתייחסת למתיחות בין הפי.אר טרופרז לבין סצנת הראפ הירושלמית (אל קודס), תוך עקיצה כלפי רוקי בי שניסה להעתיק את סגנונם המוזיקלי.	האמן מתאר כיצד הוא משלב מוטיבים ערביים (אל קודס) בהפקות של הפי.אר טרופרז, בדומה לטכניקות הסימפול שאפיינו את עבודותיו המוקדמות של רוקי בי.
" אמן: אורטגה | הפירוש של: 'זה מיקרופון לצ’יקי צ’אן צ’יקי צ’יקי צ’אן צ’אן
 מהפי.אר טרופרז עד הוו טאנג קלאן
 שאטגאן קבינט מהראפ לזכייה שלי בגראמי
 ואו.טי מגיע כמו קוואמי
 אני בדואי זקן על השדרה החמישית
 הראש שלי בכרם יו הלב שלי בביט
 עולה על מעבורת כל הדרך לפוקט
 סגיבידיו! אל תעצרו את הטראק' | הקשר: [וורס 1: אורטגה] / האדרנלין בגוף המוח בטירוף חיוך על הפרצוף / עושה את מה שאני אוהב סיבוב שלישי של האלוף / אם הבמה זירת איגרוף אקדח החרוזים שלוף / מי מכוון יורה פוגע בול יש ריח של שרוף / זה מיקרופון לצ'יקי צ'אן צ'יקי צ'יקי צ'אן צ'אן / מהפי.אר טרופרז עד הוו טאנג קלאן / שאטגאן קבינט מהראפ לזכייה שלי בגראמי / ואו.טי מגיע כמו קוואמי / אני בדואי זקן על השדרה החמישית / הראש שלי בכרם יו הלב שלי בביט / עולה על מעבורת כל הדרך לפוקט / סגיבידיו! אל תעצרו את הטראק / יו קראק, רוצה לחיות בלי כל הבלאגן / מרגיש שכל הדאגות לא שוות זמן / אז בוא פשוט נזרום אני מתחיל פה מהפך / נזרוק את הצרות הצידה ות'דאגות לפח"	"השורות מהוות מחווה מובהקת לוורס של קוואמי ב""מלחמת מיקרופון הזהב"", תוך התאמת המילים המקוריות כדי לאזכר את ההרכבים בהם פעל אורטגה לאורך שנות הקריירה."	השורות מהוות הומאז' סגנוני מובהק ליצירתו המוקדמת של סאבלימינל, תוך שינוי המילים המקוריות כדי להדגיש את החיבור העמוק של אורטגה לשורשי ההיפ-הופ האמריקאי והישראלי.	השורות מהוות מטאפורה מורכבת לאמנויות לחימה ותרבות המזרח הרחוק, תוך שימוש בדימויים אקזוטיים כדי להקביל את התפתחות סצנת הראפ המקומית למסע של הישרדות רוחנית.	השורות מתארות את מסעו האישי של אורטגה משולי החברה, תוך שימוש בדימויים של הגירה ונוודות כדי להמחיש את שאיפתו לכבוש את תעשיית המוזיקה העולמית.
" אמן: אורטגה | הפירוש של: 'ראפרים בשקל קונה חמישה בקופיקס' | הקשר: [וורס 2] / כי לא בא לי לדבר על כמה אני מרוויח / על מי פה יותר מצליח / על מי פה גנב למי / ועל כמה שזה מרתיח / וואלה יופי אנשים עושים לי רצח אופי / ראפרים בשקל קונה חמישה בקופיקס / אז מה הטעם? מתקתק חמוץ / ערק שוב נחוץ מי שב בראבק למרוץ / מאמי אנ'לא רמי החיים הם לא קיבוץ / האור של טגה שוב מאיר לדורותי את ארץ עוץ / הקוסם, צפו פגיעה / ועוד תארים שמתחילים בה' הידיעה / כמו השולף הכי מהיר, הזמן חולף אבל משאיר / אותם עשור של הארדקור דבוקים לקיר / (כל הבני זונות שכאן) / פי.אר מאדאפאקינג טרופרז כטירון / רב""ט סוגר שבת של חרוזים וכישרון / אלון מזרחי הקריירה ממריאה כמו אווירון / אז שכולם יפלו אני אהיה פה אחרון / (או.טי קראק) / מארומארו נאמבר וואן איצ'יבן / אנ'לא בזרם של כולם אני בכרם של תימן / או.טי.ג'י ההגדרה של מי זה נייס / אלוהים ישמור הם צועקים לי ג'יזס קרייסט"	"אורטגה לועג למתחריו ומשווה אותם למוצרים זולים, תוך אזכור רשת ""קופיקס"" שמוכרת בחמישה שקלים, כדי להדגיש שכל ראפר שווה שקל אחד בלבד."	"אורטגה מבקר את תרבות בתי הקפה, וטוען שברשת ""קופיקס"" הוא נוהג לממן חמישה ראפרים מתחילים שיושבים שם, כדי להדגיש את עליונותו הכלכלית."	"אורטגה תוקף את סגנון השירה המהיר, ומשווה את האנרגיה המזויפת של מתחריו למכת קפאין זולה מרשת ""קופיקס"", כדי להוכיח שהם חסרי עומק."	"אורטגה חושף את עליבות התעשייה המקומית, ומציין שראפרים מוכרים את זכויות היוצרים שלהם בסכומים זעומים לרשת ""קופיקס"", כדי להראות את הייאוש הכלכלי שלהם."
 אמן: יאנג בויז | הפירוש של: 'אני מפורסם, מרגיש כמו גיא טיוי' | הקשר: [וורס 1- יאנג הפנר] / אולדהדס מקנאים בי כי אני פראש-מן / נותן להם מכות וזורק אותם לטראש / כן הפנר כאן ואתה שם / עכשיו תיסע רחוק מכאן / הפנר על הביט אז זה לא נחמד / הייטרים יודעים שאני לא נחמד / אני אוהב אותם, הם שונאים אותי / אני מפורסם, מרגיש כמו גיא טיוי / אל תשחקו במשחקים אני תמיד לוקח / אתם נראים כאילו לא למדתם לקח / על הרגל יש לי קעקוע פרח / הוורס הזה שרף אותי צריך קצת קרח	"הדובר משווה את פרסומו לזה של גיא פודוליץ', יוטיובר ישראלי מצליח בעל ערוץ פופולרי בשם ""גיא טיוי""."	"הדובר משווה את חייו לתוכן של ""גיא טיוי"", ערוץ טלוויזיה פיקטיבי מתוך סדרת רשת ישראלית על מפורסמים."	"הדובר משווה את החשיפה שלו לתוכנית הבידור של גיא פינס, המכונה בסלנג המקומי לעיתים ""גיא טיוי""."	"הדובר משווה את הצלחתו לזו של ""גיא טיוי"", ערוץ כבלים מחתרתי ששידר בעבר קליפים של ראפ ישראלי."
" אמן: תלא מובב | הפירוש של: 'אם אתה מופע חימום פי נשאר עם הקפוצ’ון' | הקשר: [וורס 1: וייב איש] / ווא דא דא דן, ווא דא דא דן / פול'ז לא יבינו מה יפגע בהם שאני בג'אם / באם מעניש את הנישה / עושה להם את המוות כמו קדישא, תחליפו גישה / ?מה קורה / How do you do? / בשביל לכבות אותך לא צריך יותר מפ'ו / אני בא עם כל הקרו, כל הטרו יש מצב שתלמד / כמו שידור בערוץ אחד, אתה לא חד / מילה לגאד, יותר מלטמה / סוף לשאיפות ש'ך כמו אסטמה / הוצאת שיר, הופעת פה ושם אוקיי עכשיו מה / בינינו אין שם אף אחד אם פאפינאף לא שם, אה / זכור את זה להבא, פלואו ותליון און אנד און אנד און / אם אתה מופע חימום פי נשאר עם הקפוצ'ון / אתה לא בזון, אני לא עף על זה כמעט / מילה לנתב""ג כדאי שתנחת"	הדובר לועג לאמן וטוען שאפילו כמופע חימום הוא אינו מצליח לחמם את האווירה, ולכן פלד (פי) נשאר עם הקפוצ'ון כי עדיין קר.	הדובר מזלזל באמן וטוען שמופעי חימום אינם ראויים לתשומת לב, ולכן שותפו (פי) מעדיף להישאר עם הקפוצ'ון על ראשו כדי להתעלם מהם.	הדובר מתאר את הניכור מהסצנה, וטוען ששותפו (פי) מעדיף להסתתר תחת הקפוצ'ון מאשר לפרגן או להקשיב לאמנים מתחילים המופיעים כמופעי חימום.	הראפר מדגיש את מעמדם הבכיר, ומציין שפלד (פי) עולה לבמה עם קפוצ'ון כדי לשמור על דיסטנס בזמן שאמני החימום מנסים לבלוט בכוח.
" אמן: קבינט | הפירוש של: 'מניח פייק אמסיז על משכבם בשיבה טובה
 יְהֵא שְׁלָמָא רַבָּא מִן שְׁמַיָּא. חַיִּים וְשָׂבָע' | הקשר: [בית 6: טדרוס] / מניח פייק אמסיז על משכבם בשיבה טובה / יְהֵא שְׁלָמָא רַבָּא מִן שְׁמַיָּא. חַיִּים וְשָׂבָע / לועס ת'ביט בהסבה עושה לי טוב על הקיבה / כן אני שט על המקצב מרגיש נוח על תיבה, הא / יש לי גושפנקא לתת פה גוש פאנק / מגוש דן עד הודו ועד כוש - חושמלת / לא הורגשת יצאת תשוש - הושפלת / על ידי הכושי הצבר - אתה קישקשתא / קישטה! האסטה לה ויסטה / את תל אביב אפגיזה עם אבני בליסטרה / וורבליסט ווקאליסט כאן אפוקליפסה / על עלית הסטרא אחרא אדפוק ת'קליפסה / אשבור אליפסה עם הליפס - פולסא דנורא / קום ברח מאור הגנוז זוהר באולטרא / בום טרח! בוז על השבוז זרוק בגזוזטרא / קום קרא לאלוהיך לפני בוא הנוגרה"	טדרוס מחסל מילולית ראפרים מזויפים בשיריו, ולאחר מכן קורא עליהם תפילת קדיש כהלכה כדי לחתום את תבוסתם.	טדרוס מסיים את סכסוכי העבר עם מתחריו בסצנה, ומברך אותם בשלום ובשפע כדי להפגין בגרות רוחנית.	טדרוס מרדים את יריביו בעזרת יכולותיו הליריות, ומקריא להם ברכת לילה טוב אירונית בשפה הארמית העתיקה.	טדרוס שולח ראפרים ותיקים לפרישה מוקדמת, ומאחל להם אריכות ימים ושלווה מחוץ לתעשיית המוזיקה התחרותית.
" אמן: הלם תרבות | הפירוש של: 'שלישייה כמו מיגוס' | הקשר: [וורס 2: חן פורתי, אנדרדוג & סטילה] / הרמנו שיחה לחבר, ""מה הדיבור?״ / ?שמענו פתחו מועדון באזור בוא נצא לסיור / אמרתי לו איזי, כפרה, תקשיב לי / החבר'ה איתי פה באוטו, תגיע / אתמול הוא חזר מחופשה במלדיביים / אמר לי בדוק אני בא / זה מפתיע / ופתאום מצאנו את עצמנו בערב של סלסה בריו / רוקד על הבר ו / מקפיץ פה טקילות כמו רונאלדיניו / מרגיש אל פצ'ינו, כל הבנות פה לטינו / שותים בחינם בקומבינות / ויש פה קיבוצניק פלופ שעומד בכניסה כבר שעה מקלף קלמנטינות / אז יא ווארדי / שים לה טקילה נקי / כל מה שתביא לה מתאים / יא ווארדי / עוד פינה קולדה וניל / מזיז אותה במעגלים / יא ווארדי / חמוץ חריף כמו דוריטוס / שלישייה כמו מיגוס / אין לך מה לדאוג, מחר נקום מאוחר"	"השורה מתייחסת לעובדה שהרכב ""הלם תרבות"" מונה שלושה חברים, ממש כמו הרכב ההיפ-הופ האמריקאי ""מיגוס"", אליו הם משווים את עצמם."	"השורה מתייחסת למקצב הראפ של השיר, שכתוב במשקל משולש (טריולות), סגנון זרימה מוזיקלי המזוהה במיוחד עם הרכב ההיפ-הופ האמריקאי ""מיגוס""."	"השורה מתארת הזמנה של שלושה משקאות אלכוהוליים על הבר, תוך שימוש בשם ההרכב ""מיגוס"" כמטפורה לסיבוב שתייה מהיר של חברים."	"הדובר מתייחס לבילוי פרוע במועדון ולמפגש עם שלוש בחורות, תוך השוואה לאורח החיים הראוותני וההדוניסטי המזוהה עם הרכב הראפ ""מיגוס""."
" אמן: הלם תרבות | הפירוש של: 'אמרה שאין ממה לחשוש, כולי בלבלות בראש
 כמו בדיזינגוף סנטר' | הקשר: [פזמון: איזי] / כשהיא רוקדת סוואבמנטה / נוסוטרוס מוי קליאנטה / אמרה שאין ממה לחשוש, כולי בלבלות בראש / כמו בדיזינגוף סנטר"	הדובר משווה את הבלבול המחשבתי שלו בקשר הזוגי למבנה האדריכלי המבוכי של דיזנגוף סנטר, הידוע כמקום שקל ללכת בו לאיבוד.	הדובר משווה את תחושת הפרנויה וחוסר האונים שלו לאגדות האורבניות על רוחות הרפאים והאנרגיות השליליות שרווחות סביב הקמתו של דיזנגוף סנטר.	"הדובר משווה את הבלבול הנפשי שלו לבני הנוער האלטרנטיביים, המכונים ""ילדי הסנטר"", אשר מזוהים עם משברי זהות ובלבול בגיל ההתבגרות."	הדובר משווה את העומס המחשבתי והחרדה שהוא חווה להמולה הרועשת והצפיפות הבלתי פוסקת המאפיינת את דיזנגוף סנטר בשעות העומס.
 אמן: יאנג בויז | הפירוש של: 'אייזיק לא איב יש לי ברימסטון איי' | הקשר: [וורס 4- בוי צ'יקן] / איש מערות פרדי פלינסטון איי (יאבאדאבאדו!) / אייזיק לא איב יש לי ברימסטון איי / אני גיבור אני שמשון איי (איי!) / לא נגעתי בה אני לא סימפסון איי (איי!) / חופרת, מה היא אמרה? (מה?) / הבנתי, שפה זרה (האהא) / שונא אותה בת של זונה (זונה) / יורה בה, ראטהטהטה / יא בת של זונה, אמא בשוק / מוכר עגבנייה, צ'יקן בשוק / קונה עגבנייה, אבא סרסור / מוכרת גופה / יאבל'ה יאבל'ה מילה גסה / יאבל'ה יאבל'ה בת של זונה / יאבל'ה צ'יקן קונה אפונה / יאבל'ה צ'יקן ציפור לא יונה / יא יא	"הראפר מאזכר את המשחק ""The Binding of Isaac"", בו ""ברימסטון"" הוא שדרוג עוצמתי, ומדגיש שהוא משחק כאייזק ולא כאיב כדי להפגין עליונות וכוח."	"הראפר מתייחס לאייזק ניוטון ולעיסוקו באלכימיה (""ברימסטון"" כגופרית), תוך שלילת דמותה של חוה, כדי להדגיש שהוא מסתמך על אינטלקט ומדע ולא על פיתוי."	"הראפר עושה מחווה לאייזק הייז ולראפרית איב, ומשתמש במונח ""ברימסטון"" כסמל לאנרגיה מחוספסת של היפ-הופ ישן, כדי להדגיש את מקוריותו והאותנטיות שלו."	"הראפר משווה בין יצחק המקראי לחוה, ומשתמש ב""ברימסטון"" (אש וגופרית) כדימוי מקראי לזעם אלוהי, במטרה לתאר את סגנון הראפ האגרסיבי וההרסני שלו."
" אמן: עידו מימון בן יהושע | הפירוש של: 'אה, אין לי מה להוכיח
 והוכחתי את זה היום על המגרש' | הקשר: [וורס ב': טונה] / קראטה, באתי מזימבבואה על חסקה / אם אמרתי ""שים קצת"", שים קצת הרבה / שים לי עוד טיפה, ועוד קצת בשביל הבארכה / ראפרים יודעים מה חזק (יודעים מה חזק) / מעיף לכם ת'ראש בפאקינג חיש הבזק / מוכר אותו באיביי, זה משלים הכנסה, אה / אוהב לקבור אותם זה שיר אהבה (שיר אהבה) / הלו""ז שלי עמוס יותר ממורשה / אז במטותא אל תמנה איתי את כל השאר (לא) / מעביר אותנו תחום, כפרה עוד עכשיו / זו לא מוזיקה, זה ספורט עכשיו / וזה לא סתם ספורט – כן, זה ספורט הדמים / רק נוקאאוט, בוץ ולפרוץ מחסומים / אה, סולד אאוט כמו שיש לי כובע קסמים / רק כי כל החולמים כבר כמו יתומים / עכשיו כשלביתנו אין תקווה והליכוד מפרק / כחול לבן הבחינו בצבעים, אני מפהק / ברור שיש עתיד עד שמגיע סוף החודש / סורי עבודה, כי אני לא אוהב ת'שורש / זמן למצוא ת'זמן הנדרש, למשהו חדש / 'לעם הנבחר, הננטש, ופאק פאנץ / אה, אין לי מה להוכיח / והוכחתי את זה היום על המגרש"	השורה מצטטת את שחקן העבר אלון מזרחי, שהיה ידוע במשפטיו הסותרים והפרדוקסליים בראיונות, כדי להמחיש בהומור את ביטחונו העצמי של טונה.	השורה מתייחסת לראיון המפורסם של ערן זהבי לאחר שבירת שיא הכיבושים, ונועדה להקביל בין הדומיננטיות שלו בכדורגל להצלחה של טונה בראפ.	השורה מאזכרת את ימיו הראשונים של טונה בבאטלים במועדון הג'י-ספוט, ומצהירה שמעמדו הנוכחי בסצנה הופך כל ניסיון להוכיח את כישוריו למיותר.	השורה משתמשת במגרש כמטאפורה לזירה הפוליטית בישראל, ומבקרת את חברי הכנסת שמרגישים צורך מתמיד להצדיק את עצמם במקום לפעול למען האזרחים.
 אמן: כהן | הפירוש של: 'עיניים בנק הפועלים, מעשן ת׳דיסקונט' | הקשר: ['וורס א] / די מספיק עם זה / לא הבנתי איך נפל עליי התיק הזה / כל היום אני מנסה רק להספיק את זה / אני כולי משועבד לתהליך הזה / אני נותן לו את הכול אבל הוא מבקש עוד / שואלים ׳תי איך לשרוד אבל וואלה אין סוד / ווואלה אין קוד / אין לי השקעות, אני משקיע ת׳שעות / רואה את השקלים משפיעים על שיקולים / עיניים בנק הפועלים, מעשן ת׳דיסקונט / כשיש לי צ׳ק ביד אז יש לי חשק לרקוד / צ׳ה צ׳ה מקרנה על הרחבות / לפני שהחובות חייבות לי לכבות / לא נורא, אני לא נופל עם הדרופים של הכסף / אני לא מנסה להיות במרכז הנשף / נטו אמנות זה המותג וזה העסק / מחפש ת׳קצב שהוא פרפקט	"כהן משתמש בצבעי הלוגו של הבנקים כדי לתאר עישון קנאביס: האדום של ""הפועלים"" מסמל עיניים אדומות, והירוק של ""דיסקונט"" מסמל את צמח המריחואנה."	"כהן משתמש בשמות הבנקים כדי לתאר מצוקה כלכלית: ""הפועלים"" מסמל את המינוס בחשבון, ו""דיסקונט"" מייצג את הצורך לעשן טבק זול עקב חובותיו."	"כהן משתמש במושגים פיננסיים כדי לתאר שחיקה מקצועית: ""הפועלים"" מסמל עבודה קשה וחוסר שינה, ו""דיסקונט"" מסמל את ההנחות שהוא נאלץ לעשות באמנותו."	"כהן משתמש במוסדות פיננסיים כדי לבקר את הקפיטליזם: ""הפועלים"" מסמל את הלחץ והעייפות מהמערכת, ו""דיסקונט"" מסמל את הרצון למרוד ולשרוף את התאגידים."
" אמן: ישי סוויסה | הפירוש של: 'הקרו שלי לבן כמו הארון של עטר מיינר
 מדינה של גנבים ואתה בן זונה ופראייר' | הקשר: [וורס 2: עדן דרסו] / מנגבת ת'צואה שלי עם ערימת שטרות / עם לאה גולדברג ועוד איזה 100 משוררות / שותה לי ת׳שמפיין מקבלת את הזבנג / לפני שנתקמבן יש לי כמה הכנות, אוקיי / אל תיגע בהנסי, תרחק לי מהג'וס / יושבת על הביט טייט, כולכם יושבים לוס / כל כך טייט שכולכם שוכחים שיש לי כוס / אז ניפחתי ת'חזה וכבר רופף לי הגוזייה / גוף שלי הולך בשם הטייגר / הקרו שלי לבן כמו הארון של עטר מיינר / מדינה של גנבים ואתה בן זונה ופראייר / 'קול ב' וגם סוויסי על זה, קרא לי קול ד / קול ד', צועקת החוצה אל השכונות / שמה מיני וקפוצ'ון, לא אכפת לי מעונות / מחזירה את הביצ'ס שנובחים אל המלונות / כי זה עושה לי חור במוח לא מסכן את האונות / לא יורה אל הרקיע לא מסכנת ת'יונות / לא נוסעת בפיאט כי זה מה שכולן קונות / יש לי רב-קו מזיע כי הוא רץ בכל הרחובות / יש לכם ד""ש מהמשיח, הוא אמר ש'תם בני זונות, י'בני זונות"	דרסו מבצעת מחווה לעטר מיינר, הידוע בבגדיו הלבנים בהופעותיו, ומשלבת אזכור ללהיטו 'מדינה של גנבים' כדי להדגיש את שיתוף הפעולה וההערכה ביניהם.	דרסו מתארת באירוניה את הצוות שלה כ'לבן' כמו ארונו של מיינר, ומאשימה את הממשלה בגניבת כספי ציבור והפיכת האזרחים לפראיירים תמימים.	דרסו מותחת ביקורת על עטר מיינר, המייצג את ההגמוניה הלבנה בתעשייה, ומשתמשת בביטוי 'מדינה של גנבים' כדי לתקוף את ניצול האמנים הצעירים.	דרסו משתמשת בארונו של מיינר כרפרנס לתרבות הסמים והקוקאין, ומצטטת את הביטוי 'מדינה של גנבים' כדי לתאר את אובדן הערכים בחברה הישראלית.
 אמן: עומר אדם | הפירוש של: 'קח את זה באיזי, אתה בין הבודדים' | הקשר: [בית ב': אודיה] / כשאתה עובר לידי / אתה שובר את כל המדדים / קח את זה באיזי, אתה בין הבודדים / ואם זה לא מתאים, אז ניפרד כידידים (ביי ביי) / חצי מהזמן אתה מחכה לי בסטאי / בחצי השני אתה מחפש אותי בבית / ?תגיד, מה, לא נמאס לך לשקר לי בעיניים	"השורה מהווה משחק מילים חכם ואזכור ישיר לשיר ""בין הבודדים"" של הראפר הישראלי איזי."	"השורה מהווה מחווה מוזיקלית סמויה לאלבום ""קח את זה קל"" של הרכב ההיפ-הופ שבק ס'."	השורה מהווה עקיצה תרבותית מרומזת על סצנת חיי הלילה התל-אביבית, בה מעטים זוכים למעמד אקסקלוסיבי.	"השורה מהווה התייחסות אירונית מובהקת ללהיט ""בודדים"" של הזמר פאר טסי, תוך שילוב סלנג לועזי."
" אמן: יאנג בויז | הפירוש של: 'פאק בויז השיט שאני לא אוהב
 יאנג בויז השיט שאני כן אוהב
 אם ’תה לא בקרו שלנו אז אתה אויב
 אם ’תה לא בקרו שלנו אז אתה אויב' | הקשר: [פזמון: בוי אצ'י] X2 / פאק בויז השיט שאני לא אוהב / יאנג בויז השיט שאני כן אוהב / אם 'תה לא בקרו שלנו אז אתה אויב / אם 'תה לא בקרו שלנו אז אתה אויב"	"השיר והפזמון מהווים מחווה ישירה ורפרנס מובהק ללהיט ""I Don't Like"" של הראפר האמריקאי צ'יף קיף, תוך תרגום והתאמה לסצנה המקומית."	"השיר והפזמון מהווים ביקורת חריפה על תופעת ה""פאק בויז"" בסצנת המועדונים המקומית, תוך הצהרת נאמנות בלתי מתפשרת לחברי ההרכב שלהם."	השיר והפזמון מהווים תגובה ישירה למבקרי מוזיקה שהאשימו את ההרכב בהתמסחרות, תוך אימוץ גישה מתבדלת וסגנון טראפ אגרסיבי ואפל יותר.	"השיר והפזמון מהווים עקיצה ברורה כלפי קולקטיב ראפ מתחרה מאזור המרכז, תוך שימוש במונח ""פאק בויז"" כדי להקטין את מעמדם בסצנה."
" אמן: שאזאמאט | הפירוש של: 'וויליה רואה אותי ומתעלפת
 מה יש לפלר בפה
 (לא קצף של בירצפת)' | הקשר: [וורס 2] / קורא בקול אלוהמורה ופותח כל חור / (?כל חור) / וויליה רואה אותי ומתעלפת / מה יש לפלר בפה / (לא קצף של בירצפת) / מכשף את כל השבט ומזמין אותן לשבת / לשאט וויסקי אש / (הוא לא מוכרת דלעת ברכבת) / ואם לא תראי לי ציצי / אתן לך צ'ייסר פולימיצי / ואז תצאי ביללה של אומללה כי מתחילת העלילה ברור שהרמיוני חתולה / מיצי / גם לה עשיתי קיצי / קרום הקיץ באמצע / 'הרביץ לי עם הסניץ / 'הורונסקי של הקווידיץ / (הוא) לא עומד מולי בלחץ / בואי לרכב על אש המחץ / מטאטא מספר אחד"	הזמר מתרברב במושכו המיני וטוען שדמות יפהפייה כפלר מתעלפת מולו, תוך רמיזה מינית בוטה לכך שמה שיש בפיה אינו קצף של משקה הבירצפת.	הזמר מתהדר ביכולותיו הליריות וטוען שראפרים מתחרים מתעלפים מולו, תוך רמיזה מטאפורית לכך שהקצף בפיהם נובע ממאמץ לשיר מהר ולא ממשקה הבירצפת.	הזמר מתפאר בכוחו הקסום וטוען שיצורים קסומים כפלר מתעלפים מולו, תוך רמיזה לכך שהקצף בפיה נובע מקללה אפלה ולא ממשקה הבירצפת התמים.	הזמר מתאר סצנת מסיבות פרועה וטוען שנשים יפהפיות כפלר מתעלפות סביבו, תוך רמיזה לכך שהקצף בפיהן נובע מצריכת סמים קשים ולא ממשקה הבירצפת.
 אמן: אסקר | הפירוש של: 'בהתחלה הייתי מגמגם כמו מוזס' | הקשר: [וורס 2: אסקר] / איגידי אוקי דוקי, זה לא ראפ לצחוקים / ספר לחברים שלך בוויגידיוואקי טוקי / פעם הייתי לואו-קי והיום אני מפיץ ראפ / עם פלואו חד, מפלפ אותך גורם לך לצעוק / גאד דיים! הייתי מארגן מעגלים / גורם לאמסיז מתחילים לשנן את המילים / אני סוטה מהשבילים ומחרבן על הכללים / חותך את הכבלים ברגע שמזמן את האלים לסשן / בהתחלה הייתי מגמגם כמו מוזס / היום זה כולה המבורגר של פוזרס / אני לא צריך את כל זה, מוציא ראפר גרוע מהקלוזט / ומפיץ אמת בחוזק כמו שפינוזה על בקבוק רוזה / אם להתפלסף היה מקצוע / הייתי המורה הרוחני שלך בגואה / מפיץ בשורה מהמוח מרביץ תורה ללא מנוח / !הם רק רוצים כוח כמו של נועם	האמן משווה את חוסר הביטחון והקושי בדיקציה בתחילת דרכו כראפר לגמגום של משה רבנו, המתואר במקרא ככבד פה וכבד לשון.	האמן מאזכר את הפילוסוף משה (מוזס) מנדלסון, שלפי עדויות היסטוריות סבל מגמגום, כדי לייצג את הקושי הראשוני שלו לבטא רעיונות מורכבים בטקסטים.	"האמן מקשר את סגנונו המהסס בתחילת דרכו לרשת ההמבורגרים ""מוזס"", כהכנה לשורה הבאה המבקרת ראפרים המייצרים מוזיקה תעשייתית כמו רשת מזון."	האמן מתייחס לראפר האנדרגראונד האמריקאי מוזס, שהיה ידוע בסגנון ההגשה המקוטע והייחודי שלו, וטוען שבתחילת דרכו הוא הושפע ממנו ואימץ את סגנונו.
" אמן: סגול 59 | הפירוש של: 'אני חוזר, כמו צ’קים של ענבל אור
 אני חוזר, כמו צ’קים של ענבל אור' | הקשר: [פזמון] / הארדקור, שוב מחזיר את זה למקור‏ / אני חוזר, כמו צ'קים של ענבל אור / אני חוזר, כמו צ'קים של ענבל אור"	"הראפר משווה את חזרתו לסצנה להמחאות שחזרו ללא כיסוי של יזמת הנדל""ן ענבל אור, אשר פשטה רגל והורשעה בפלילים."	"הראפר משווה את חזרתו לסצנה להופעותיה התקשורתיות הרבות של יזמת הנדל""ן ענבל אור, אשר חזרה פעם אחר פעם לכותרות."	"הראפר משווה את חזרתו לסצנה להמחאות הפילנתרופיות הגדולות של יזמת הנדל""ן ענבל אור, אשר חולקו למוסדות תרבות טרם קריסתה."	"הראפר משווה את חזרתו לסצנה לרווחים המהירים שהבטיחה יזמת הנדל""ן ענבל אור, אשר חזרו למשקיעיה בתקופת השיא של החברה."
 אמן: סגול 59 | הפירוש של: 'עדיף תחפש איפה אפי' | הקשר: [וורס 3: סגול 59] / כי לפעמים להצליח זה להפסיק לנסות / אתה צולל בים של שקר בשביל לשחות מחמאות / על מטבעות לשון שילמתי את המחיר הכי יקר / האי היחיד שלא הגעתי אליו זה אי אפשר / אולי נשאר צדיק אחד בסדום, תשאל את נצ'י / למצוא את החלום? עדיף תחפש איפה אפי / בעצם אין אמת, כי המציאות לא אותנטית / אם אתה סובל מהחום אל תרשם לקורס שפים / והפטנט שלי להשאר על הבמה בגילי / זה רק בזכות ההבנה שחיובי ושלילי / כשהמסע מסתיים, שניהם אחד משלם / אז הבנאי שבי מאיר אני עובר ביניהם / יש גשם בשאר הרחמים לא מבינים / שלא צריך לצאת החוצה הפנינים הם בפנים / לא סתם רוקח פזמונים ולא עוסק בסיכומים / שלושה בתים, ארבעים ושמונה שורות, חיים שלמים	"השורה מתייחסת לסדרת ספרי הילדים ""איפה אפי?"", וממחישה כי הניסיון למצוא את החלום הוא משימה קשה ומאתגרת, בדומה לחיפוש הדמות המסתתרת בציור עמוס."	השורה מתייחסת לזמר והיוצר אפי נצר, וממחישה כי הניסיון למצוא את החלום דורש התעמקות והבנה של השורשים התרבותיים והמוזיקליים של ארץ ישראל.	"השורה מתייחסת לביטוי הסלנג הצבאי ""איפה אפי?"", וממחישה כי הניסיון למצוא את החלום דומה לחיפוש אחר ציוד אבוד, משימה סיזיפית וחסרת כל סיכוי."	"השורה מתייחסת לדמותו של אפי מהסדרה ""פרפר נחמד"", וממחישה כי הניסיון למצוא את החלום מחייב חזרה אל התמימות הילדותית ואל הפשטות של פעם."
" אמן: ערוץ הכיבוד | הפירוש של: '?שקד שלחתי לך הודעה למה לא ענית
 לא ראיתי
 ..אבל
 אהה..אבל יש שם 2 וי-ים, ראיתי שראית' | הקשר: [סקיט] / *השיר ""עור ברווז"" מתנגן* / ?שקד שלחתי לך הודעה למה לא ענית / לא ראיתי / ..אבל / אהה..אבל יש שם 2 וי-ים, ראיתי שראית / איך הוא מתעצבן / טוב טוב יאאלה תבוא כבר"	השורה מתייחסת לסימון קריאת הודעות באפליקציות כמו וואטסאפ (שני וי כחולים), וחושפת כיצד שקד נתפס בשקר כשטען שלא ראה את ההודעה.	השורה מתייחסת למונח הברנז׳אי של כרטיסי וי-איי-פי (וי-ים) במועדונים התל-אביביים, ורומזת ששקד התעלם מההודעה כי בילה במתחם סגור ויוקרתי.	"השורה משתמשת במטפורה מעולם העסקים, בה ""שני וי-ים"" מסמלים אישור כפול בחוזה הקלטות, ומדגישה את התחמקותו של שקד מהתחייבויותיו להרכב."	"השורה עוקצת את תרבות הרשתות החברתיות, כאשר ""שני וי-ים"" מתייחסים לסימון חשבונות מאומתים ברשת, ומבקרת את ההתנשאות של שקד."
 אמן: שאזאמאט | הפירוש של: 'כמעט עשרים שנה עברו מאז שרנו על סטיקרים אבל הכתובת עוד על הקיר' | הקשר: [וורס ג' - כליפי] / הוצאנו אוטובוסים מקרית אתא לעכו / ?באנו לשרוף להם הכל, מה רק להם מותר / אין עם מי לדבר, אל תנסה זה מיותר / פרסמו בטלגרם ששבע בכיכר (שבע שם) / ?מה כבר לא אמרנו או ניסינו? מתי שינה פה משהו שעשינו / מי שלא חושב כמוני בן זו- פוס, יש לך בעיה אז בוא נפתור אותה בחוץ / כמעט עשרים שנה עברו מאז שרנו על סטיקרים אבל הכתובת עוד על הקיר / כתובת אש ענקית, תולים ת'קורבן התורן בכיכר העיר	"השורה מאזכרת את ""שיר הסטיקר"" של הדג נחש, ומדגישה שהקיטוב הפוליטי וההסתה בחברה הישראלית נותרו מסוכנים ומאיימים בדיוק כפי שהיו בעבר."	השורה מתייחסת למעבר ממחאת רחוב פיזית למחאה דיגיטלית, ומדגישה שלמרות שהפסקנו להדפיס סטיקרים, כתובות הגרפיטי על הקירות נותרו כלי המחאה האותנטי ביותר.	השורה מתכתבת עם שירי המחאה של שבק סמך משנות התשעים, ומרמזת שההבטחות לשלום שהופיעו על סטיקרים נותרו ריקות מתוכן אל מול המציאות.	השורה מבקרת את קמפייני הבחירות החוזרים בישראל, ומציינת שבעוד שסיסמאות המפלגות מתחלפות, השחיתות הממסדית והבעיות החברתיות נותרו גלויות וברורות לכל אזרח.
" אמן: תלא מובב | הפירוש של: 'חקירה? בכלל לא סרט
 כולי על שקט לא תוציא ממני רטט' | הקשר: [וורס 2: וייב איש] / מאדאפאק שוטרים טומטום / שיקפצו לי, שוב עשו קפיצה לא מצאו כלום / אני בסיפור של הנסי צ'יבה ואיזה פום פום / דיים, כמה ווקי טוקי יש בסלאם / טויז מייק נויז הם יודעים לתת כיף / רואים ת'שריף מזמרים כמו שריף / זה מטריף, פאק לשרת ת'מכונה / מלשינים יוצאים במחול גומרים במכולה / צ'קלקלה, קבל טריק / פי לא חושף שום לינק כמו טוני סופרנו אצל השרינק / בייב, תשאל ת'קליק מי תרחישים קולט / אני לא סופר שום תיק וזה לא טורט / חקירה? בכלל לא סרט / כולי על שקט לא תוציא ממני רטט / לא מרחיק לכת, בן זונה עם תג / חקרת חצי עיר באט אינך רבע של מושג / ?סו מה המצב"	הראפר משווה את חקירתו במשטרה לצפייה בקולנוע, וממחיש את קור רוחו ושתיקתו באמצעות דימוי של טלפון המועבר למצב שקט וללא רטט במהלך הסרט.	הראפר מתאר את החקירה כהפקה קולנועית מזויפת, ומדגיש כי בניגוד לשחקנים המתרגשים על הסט, הוא שומר על קור רוח ואינו רועד מפחד.	הראפר מקביל את הסיטואציה לסרט אקשן שבו הגיבור מסרב לשתף פעולה, ומציין כי בניגוד לפסקול הרועש, הוא בוחר בזכות השתיקה ולא מפיק צליל.	הראפר לועג לשיטות החקירה המשטרתיות, ומשווה את השימוש במכונת הפוליגרף לתרחיש הוליוודי מוגזם, תוך שהוא מבהיר כי המכשיר לא יזהה אצלו כל רטט.
" אמן: תלא מובב | הפירוש של: 'יש פה אחלה רוף, אני שנייה בודק גישה חוזר
 אם רצים על זה שלושה עולים לדפוק אחד שומר
 מטפסים לאט מציירים מהר
 ואם זה לא איזה מנאייק אפ’חד לא עוצר - רק אומר' | הקשר: [וורס רץ: וייב איש + קיד קופר] / פאט קפ פאט ג'וינט כמה פאט ביטים / יוצא לרחוב זה הזמן לזרוק פיסים / יורד למטה איך שיורדים התריסים / מרים שיחה לקופר תפגוש אותי במיצים / מה קורה? מה קורה? איך 'תה מבלה פליי / כל הרחובות ריקים יש לי תיק מלא ספריי / קרא לג'ייק קרא לכרוס אוקיי בתוך כדי / מגלגל לי פאט ג'יי, נשרוף 'תו כבר אחרי / יש פה אחלה רוף, אני שנייה בודק גישה חוזר / אם רצים על זה שלושה עולים לדפוק אחד שומר / מטפסים לאט מציירים מהר / ואם זה לא איזה מנאייק אפ'חד לא עוצר - רק אומר / אותיות? צ'ק, פחיות? צ'ק אה / מולוטוב לבן קפוצ'ון בלאק / לרסס כמו טק ניין רחוק מהעין / כי הקרו שלי לא שם זין / מאן זה הזמן לטפס, כולם להתאפס / הולכים לתפוס את כל הגג בלי להיתפס / שיט 'תה מוכן פאף? יו כל הזמן קיד / מסתכל מאחוריי ומצדדי תמיד / ?אז יאללה יאללה מאן מה? כולם למעלה מאן מה / ואם נהיה פה חם לאללה תן לי האללה מאן / נצמדים יפה לפלאן, השיט תופס מימדים / פתאום פנסים סירנות ושלוש במדים / דיימ, כמה ווקי טוקי יש בסלאם / הוקוס פוקוס אם צריך להיעלם / אבל מה עם כל הצבע מאן? תחביא אותו באיזה מקום / כי לא נולד הבן זונה שיחרים לי ת'כרום / וופ וופ וופ, או.טי.אף גברת / היפ אל ה-הופ  אם קולטים את הניידת / קופצים מהמרפסת וקדימה לרוץ / עכשיו הם מחפשים בפנים אבל אנחנו בחוץ / דיים סאן, קולטים את הזונות מהסייף זון / כולם להיות בהיכון עיניים על הבייקון / יו קיד ארבע ועשרים, בדיוק בזמן / יש לי מיני וואן בוא נפלוט עשן כמו מיני וואן / פאף פאף תן, אף פעם לא פיידד / מעביר לקרוס יו קיד מה אתה ילד / גאד דיים בוא כבר נסיים עם זה, שמנו את השם על זה / חצי פיס אני לא שלם עם זה / אז בדוק תשטח שוב, יו מי עושה ת'מוב / הפיס הזה יוצא החוצה גם אם צו עיקוב / שוב עולים לזרוק פצצות שמור על הגבות / גם בספוט חם לא תופסים רגליים קרות / עוברים אות אות עם המתכת / עכשיו כל העניין עומד, אפשר ללכת"	הקטע מתאר תכנון של ציור גרפיטי, כאשר אחד מחברי הצוות מתצפת והשאר מטפסים בחשאי לגג כדי לרסס את היצירה במהירות.	הקטע מתאר תכנון של הפצת סמים, כאשר אחד מחברי הצוות מתצפת והשאר מטפסים בחשאי לגג כדי לחלק את הסחורה במהירות.	הקטע מתאר תכנון של פריצה לדירה, כאשר אחד מחברי הצוות מתצפת והשאר מטפסים בחשאי לגג כדי לשרטט את השטח במהירות.	הקטע מתאר תכנון של צילומי קליפ, כאשר אחד מחברי הצוות מתצפת והשאר מטפסים בחשאי לגג כדי לצלם את הסצנות במהירות.
 אמן: רון נשר | הפירוש של: 'אנ’לא פרפר, אנ’לא נחמד' | הקשר: [וורס 1: רון נשר] / אין לי אלוהים אחד, אף אחד, וואן גאד / אם אין אני לי מי אני אשרוד לבד / אנ'לא פרפר, אנ'לא נחמד / באישיות גמד But כוכב נולד, אגו בשמיים / אני אפס, בוגד באלוהים שלי ברצף / אין לי אלוהים אם הפרצוף שלו לא על כסף / אבוד, אני סוגד למותגים / אנ'לא נושא את שם ה' לשווא נשבע באלוהים / זוכר את השבת, קידוש כמקובל / כיפה על הראש ואז נוסע לנמל / אני עוצר בצד, כי יש לי וודקה, אקס-אל / סוגד לאלכוהול, סוגד לפסל / אין לי רסן, ואני לא מביט קדימה / אני עצור בחור נדרס כבוד לאבא אמא / אין לי אלוהים, עכשיו אני נזכר בו / כשאשתחרר שיחפש תגיד אני לא גר פה / תטיף	"השורה מאזכרת את תוכנית הילדים הקלאסית ""פרפר נחמד"" ואת שיר הילדים המוכר, כדי להדגיש שהדובר אינו תמים או ידידותי."	השורה משתמשת בדימוי הפרפר כדי לייצג חולשה ושבריריות, ומצהירה כי הדובר אינו מוכן להיות נחמד או להתפשר על עקרונותיו בתעשייה.	השורה מהווה עקיצה לראפרים שמדלגים מפרח לפרח כמו פרפרים בחיפוש אחר שיתופי פעולה, בעוד הוא שומר על ריחוק ואופי קשוח.	"השורה מתייחסת לביטוי המוכר ""פרפר חברתי"", ומדגישה כי הראפר מעדיף להישאר מרוחק, להימנע מקשרים מזויפים ולא להיות נחמד לכולם."
" אמן: תלא מובב | הפירוש של: 'המצאנו את הסלנג שמשתמשים בו בהאנג ’שך
 לא נכון כמו צ’ופסטיקס, זה שיט שלא אוכל בקופיקס' | הקשר: [וורס 1: קיד קופר] / ברוכים הבאים לתל אביב ג'אפה / עיר האלוהים מלשינים אוכלים כאפה / ביד הנכונה הקריירה שלך עפה / שט בבנז או בנטלי, אוסף בבימה איזו שאפה / הקרו שלי בדרך אז תברח מאן / מכניס אותך לסרט רע כמו רב חן, אני לא שם פאק מאן / פחיות ברחוב רולר על הרוף טופ / שום סטופ גם אם הספוט מתחמם כמו בוף דופ / אז צ'ידי באנג באנג, מי בא עם הגאנג / זה לא קומיקס אבל מביאים ת'זבנג / המצאנו את הסלנג שמשתמשים בו בהאנג 'שך / לא נכון כמו צ'ופסטיקס, זה שיט שלא אוכל בקופיקס / תלא מובב OTF על הג'וב / סוגרים על הרחוב לא מקום לקלסטרופוב / אין לוב, ככה זה בטבע של הרחוב / אתם סולד אאוט עדיף קיר לבן נואו דאוט"	הראפר לועג ליריבו שמשתמש בסלנג שלהם בצורה שגויה, כמו חוסר מיומנות באכילה בצ'ופסטיקס, שגם ככה לא מתאימים לרשת מזון זולה ועממית כמו קופיקס.	הראפר תוקף אמני מיינסטרים שגונבים סלנג מחתרתי כדי לייצר להיטים מסחריים, ומשווה את המוזיקה הזולה וההמונית שלהם למזון המהיר והפשוט שנמכר בקופיקס.	הראפר מתפאר בהצלחה הכלכלית של ההרכב, וטוען שהסלנג שהמציאו רווחי וייחודי כמו ייבוא צ'ופסטיקס, בניגוד למודל העסקי הזול וההמוני של רשת קופיקס.	הראפר מבקר את הג'נטריפיקציה בתל אביב, ומשווה את השימוש המזויף בסלנג רחוב למסעדות אסייתיות זולות שהחליפו בתי קפה עממיים ורשתות פשוטות כמו קופיקס.
" אמן: עמית אולמן | הפירוש של: 'אז הוא חצה איזה ים לשתיים' | הקשר: ['וורס א] / באינטרנט, האל נמצא בכל מקום ואלוהים האמיתי התחיל לחוש לבד / ""אז הוא פתח חשבון בג'ימייל בקטע של ""כולם עושים את זה אז יאללה / וואללה, זה עבד / כי כל השאר היה זיוף, לא באמת, לא בראסמי, לא אוכל / סתם ילדים מצחיקים שקראו לעצמם ""אלוהים"" בג'ימייל / לא לוקח, לא תופס, לא מחזיק מים / ואלוהים הוא כל יכול, אז הוא חצה איזה ים לשתיים / עוד כמה ניסים ואז הבינו וראו, שאלוהים האורגינל, חתום סגור זה זה / ""הקדוש נקודה ברוך נקודה הוא שבעת אלפים שש מאות שלושים ושתיים"""	השורה מהווה אזכור מקראי ישיר לנס קריעת ים סוף ביציאת מצרים, כאמצעי להוכחת כוחו האותנטי של אלוהים במרחב הדיגיטלי.	השורה מתייחסת לסיפור בריאת העולם בספר בראשית, בו האל הפריד בין המים העליונים לתחתונים כדי ליצור סדר בכאוס הווירטואלי.	השורה מתבססת על ביטוי סלנג המוכר בסצנת הראפ הישראלית, שמשמעותו לבצע פעולה בלתי אפשרית או להפוך לוויראלי בן רגע.	השורה משמשת מטאפורה ליכולת של האל לנווט בתוך אוקיינוס המידע האינסופי של האינטרנט, כדי להפריד בין אמת לזיוף ברשת.
 אמן: טדי נגוסה | הפירוש של: 'שקיות של דם זרקו אל המרתף' | הקשר: [וורס 2] / הכל התחיל רק כשעלינו הם התחילו לקטלג / שקיות של דם זרקו אל המרתף / אותו העם שזרקו לו תינוקות אל היאור / זורק אוכלוסיות בדיוק כמו כלבים אל הרחוב / זה הכאב שלי מדבר / התסכול שאתה שומע / אין אבשה שבשעת צרה פה יחייג למאה / וואלה המצב עצוב אבל ככה זה על אמת / כמה ביטחון יש לך כשאתה רואה ניידת / מרגיש פתאום אשם / פתאום אנ'לא נושם / הממשלה רואה בי את השקר שלהם / לקחו לי את הכסף אז הפשע משתלם / אחד אפס אפס השכן כבר מחייג / אני הסיבה לדאוג הסיבה ש'ך לפחד / אל תדאג כי מחר 'תה לא תראה אותי יותר / את כל הראיות הם ימחקו ויעלימו / כמו שהם עשו לסלמסה ומנגיסטו / אני הסיבה לדאוג הסיבה ש'ך לפחד / אל תדאג כי מחר 'תה לא תראה אותי יותר / את כל הראיות הם ימחקו ויעלימו / כמו שהם עשו לסלמסה ומנגיסטו / ?הלו יש כאן מישו	"השורה מאזכרת את פרשת הדם מ-1996, בה מד""א השמידו בחשאי תרומות דם של יוצאי אתיופיה עקב סטיגמות וחששות רפואיים חסרי ביסוס."	השורה מבקרת את פרשת העלמת התיקים הרפואיים של עולי מבצע משה, בה מסמכים קריטיים על מצבם הבריאותי נזרקו למרתפי משרד הבריאות ללא טיפול.	השורה מתייחסת לטיוח משטרתי של אלימות כלפי צעירים אתיופים, בו ראיות פיזיות כמו בגדים מגואלים בדם הועלמו במכוון אל תוך מרתפי תחנות המשטרה.	"השורה מציגה דימוי מטאפורי לזלזול הממסדי בהקרבה של דור ההורים, ש""דמם"" השפוך ועבודתם הקשה נזרקו למרתף ונשכחו לחלוטין על ידי החברה הישראלית."
 אמן: עומר אדם | הפירוש של: 'זים, זגזים, כוסית מהמגזין' | הקשר: [בית א': שרק] / כולם מפנטזים, אבל לא מעיזים / זים, זגזים, כוסית מהמגזין / מאמי, עשר מתוך עשר, אני לא מגזים / ואני בחור חצוף, אומר לה הכל בפנים / איך היא יודעת לבחור את הבושם / מאמי, את יודעת זה עושה עליי רושם / מסדרת ת'שיער בדיוק, והאודם / אני לא יודע מי היה איתך קודם / ?אבל תגידי, איך זה שאת יפה כל כך / ?זה מסוכן להסתובב איתך / את יודעת שהכל מכתוב / אז אני לא יוצא לחפש אותך	השורה מהווה אזכור ישיר ומחווה ללהיט ההיפ-הופ הישראלי ״כוסית היא כוסית״, תוך שימוש בביטוי המוכר מתוכו לתיאור אידיאל היופי הנשי.	השורה מהווה רמיזה לסגנון החיים הראוותני של סצנת הראפ, תוך שימוש במונחי סלנג חדשים כדי להדגיש את המשיכה החזקה לדוגמניות צמרת.	השורה מהווה התייחסות להשפעתה השלילית של תעשיית האופנה, תוך הדגשה כיצד מגזינים מכתיבים מודל יופי פלסטי שמרחיק נשים מהמראה הטבעי שלהן.	השורה מהווה ביקורת סמויה על תרבות הרשתות החברתיות, תוך תיאור נשים ששואפות להיראות כמו דוגמניות שער באמצעות שימוש בפילטרים מעוותי מציאות.
" אמן: שאזאמאט | הפירוש של: 'וולקאם בוצדם עוד פעם עשיתי עם ג’יי קיי
 (רולינג דאון דה סטריט ויז מיי נימבוס סיפינג און ג’ין & ג’וס)' | הקשר: [וורס 1] / ביגידיבאנג באנג במיטה עם צ'ו צ'אנג / ג'יני וויזלי במיני / מחליק את הנגיני / הכניסיני תחת כנפך / זנבקרנית הונגרית / הקינגסלי שאקלבולט אני / הילאי בסוואג / שאזאמאט באים לתת אחת / המלכה מקונגל מול רון וויזלי בשחמט / (איך הוא חובט במרביצן) / לא צריך להתחמק / אני הראפ שלי כמו הכלי של סיריוס / בלק / השתק / והופ אתה שותק / שרביט סמבוק אצלי יא סקיב לא באתי לשחק / סטפ בק / האגריד און מיי בק / וולקאם בוצדם עוד פעם עשיתי עם ג'יי קיי / (רולינג דאון דה סטריט ויז מיי נימבוס סיפינג און ג'ין & ג'וס) / לייד בק / (...וויז מיי מיינד און מיי הארי, אנד מיי הארי און מיי מייד)"	"הראפר מקטין את יריביו כ""בוצדם"" ומשתמש במשחק מילים על שמה של ג'יי קיי רולינג כדי לאזכר צריכת סמים ומחווה ללהיט של סנופ דוג."	"האמן משווה את חיי הרחוב לעולם קסום ואפל, כש""בוצדם"" מייצג בגידה בכנופיה, והביטוי ""ג'יי קיי"" רומז לכלי נשק מאולתרים בסצנת ההיפ-הופ."	"הדובר משתמש ב""בוצדם"" כמטאפורה לשילוב סגנונות מוזיקליים, ומשחק עם השם רולינג כאזכור לתרבות הגריים הבריטית תוך כדי מחווה לראפרים מקומיים מלונדון."	"הראפר מתפאר בעושרו תוך שימוש במונח ""בוצדם"" לתיאור עוני, ומשתמש ב""רולינג"" כדי לרמוז לנהיגה ברולס רויס לצד אזכור של מותגי יוקרה אנגליים."
 אמן: מאור | הפירוש של: 'אם להיות כן כמו הכלב על הדאש' | הקשר: [וורס ב': מאור] / מככב ברשימות טופ חמש / עדיין מנסה לסיים משמרת לפני שש / אם להיות כן כמו הכלב על הדאש / לפעמים זה מייאש אבל, זה מה יש / יש לי משהו טוב בידיים / נתנו לנו שיניים גם בשביל לנשוך שפתיים / כל יום מודה לג׳ה על זה שיש אישה בבית / חלום שלי להיות איתה יותר משעתיים / אל תדבר איתי על טראומה ביץ׳ אני שם עדיין מנסה לצאת / החדשות שוב גורמות למסך לרצד / מעשן ת'חרדה שלי עד הקצה / פאק לצאת מרוצה, תביא להינצל / יש לי יותר מדי פאם לאבד / אנשים שהם דם, ושרק עצם קיומם נותן לי כוח / היו ימים של רק לצרוך כדי לא לצרוח / תודה לאל על אלה שלא נתנו לי לשקוע / כשאין על מי לסמוך, אז גם אין על מי לשמוח / מזל שהחיים לימדו אותי למי לסלוח / הוא קיבל ממני אצבע, רצה את כל היד / כשמעדתי, הוא לא חשב על להושיט לי זרוע / יש רוע יש טוב, יש חושך יש אור / אין זמן לעצור, יש הרבה לעבור / ויש לי ת׳יכולת לבחור / אז אולי עדיף לי לשחרר	"משחק מילים המדמה כנות לבובת הכלב המונחת על הדאשבורד ברכב, אשר ראשה המיטלטל בנסיעה נראה כמי שמהנהן ""כן"" בהסכמה תמידית."	"אזכור לכינוי הרחוב של מצלמות הדאשבורד (""כלב שמירה""), שמטרתן לתעד את המציאות בכנות מוחלטת וללא פילטרים במהלך הנסיעה היומיומית."	דימוי המתייחס לכלבי שמירה שיושבים בקדמת הרכב, המייצגים נאמנות עיוורת וכנות מוחלטת כלפי הבעלים שלהם גם במצבי דחק וייאוש.	מטפורה המבוססת על סמל הכלב באפליקציות ניווט המופיע על מסך הדאשבורד, המסמל את הניסיון להישאר במסלול הנכון והכנה בחיים.
" אמן: 9 מ”מ | הפירוש של: 'אותיות בעברית עם משמעות באנגלית תזכור את
 העובדה צורח - פ׳ כי אנ’לא מקבל משכורת' | הקשר: [וורס 2] / השתחררתי ממוסד לבריאות הנפש / הכאב כל כך גדול שהוא מדליק סיגריה מהשמש / סקרנות היום הורגת את האחרים / גם תשע נשמות, לא יעזרו מול רעל עכברים! / די שמח בחלקי הכל בידי שמיים / ראשי תיבות עשיר - עיניים שיניים ידיים רגליים / מסר מתפשט אבל חוטא בוטא כועס עדיין / לא מנהל בית ספר אבל בכל יום תופס אוזניים! / דם חם כמו סאונה כי עברתי פוסט טראומה / פייסלים שאני מגלגל גדולים כמו גלגל שווארמה! / חי עם התמכרות אבל שלם עם חוסר השלמות / עם קצה חוט וקצת איכות פאק קצבת נכות! / אותיות בעברית עם משמעות באנגלית תזכור את / העובדה צורח - פ׳ כי אנ'לא מקבל משכורת / בצורת כלכלית שרוט כמו מלא תקליטים של די ג׳יי / ת'אמת שלי אתה לא תוכל לקנות באי-ביי! / כמה שותים? ת׳איזון גם לא יתנו המשוטים / פולט עשן על משקופים כמה שוטרים ממש-קופים / שתקתי כמו הדגים תושבים כבר לא שווים / הרבה באנגים בים לכן דופק ת׳הראשנים (ראש-שנים) / שומע מלאכים שרים הרמוניה של גוספל / המוח רעיל יותר גם מכוס תה של הוסטל / בא מלמד על אותו בלאגן מלמד הדם ,על הגב על הדף / כי לא בא לי למות אלא בא לגלות בליבי מלמד על הפאף!"	"האות פ' נהגית כ-""Pay"" באנגלית (תשלום), והראפר צועק אותה כמחאה על כך שהוא אינו מקבל שכר על יצירתו."	"האות פ' מקבילה ל-""F"" באנגלית (קיצור לקללה), והראפר צועק אותה מתוך תסכול עמוק על כך שאינו מתוגמל כספית."	"האות פ' מייצגת את המילה ""Pain"" באנגלית (כאב), והראפר צועק אותה כביטוי לסבל הנפשי הנובע מהיעדר משכורת קבועה."	"האות פ' מסמלת את המילה ""Poor"" באנגלית (עני), והראפר צועק אותה כדי להדגיש את מעמדו הכלכלי הנמוך והיעדר ההכנסה."
" אמן: עמית אולמן | הפירוש של: 'נוסיף לה זרת ונקבל צורת שטן המיוחסת לרוק כבד' | הקשר: [וורס 1] / שער האריות, קח את שער האריות / אני לא רוצה אותו יותר / אני רוצה אותך / אני. רוצה אותך / תנועת הצבעה קדימה המיוחסת לדוד סם / נוסיף לה זרת ונקבל צורת שטן המיוחסת לרוק כבד / כי ירושלים היא כוכבת רוק שעולה לבמה וצועקת / ""מי שמאמין באלוהים שירים יד"" / והידיים באוויר / הוי עיר, הוי עיר / ידיים באוויר, אקדח במותן / אצלי הוא מוצמד לרקה / אני מרגיש אותו בבטן / בתוכי דוהרת ארץ וירושלים לא עוצרת / קח אותי אומרת"	"הוספת זרת לתנועת ההצבעה המוכרת יוצרת את מחוות ""קרני השטן"", סמל גופני המזוהה באופן מובהק עם תרבות הרוק הכבד."	"הוספת זרת לפריטה על מיתרי הגיטרה יוצרת את ""אקורד השטן"", מושג מוזיקלי המזוהה באופן מובהק עם סצנת הרוק הכבד."	"הוספת זרת לאחיזת המיקרופון המסורתית יוצרת את מחוות ""זעקת השטן"", טכניקת הופעה המזוהה באופן מובהק עם סולני הרוק הכבד."	"הוספת זרת לתנועת האגרוף הקפוץ יוצרת את סמל ""המרד השחור"", מחווה פוליטית המזוהה באופן מובהק עם מחאות הרוק הכבד."
" אמן: איזי | הפירוש של: 'ויצאו מארון אחד לארון אחר' | הקשר: [וורס 1] / איזה בוקר של כיף, איזה כיף שהיה לי הבוקר / קורא ת'כותרות וישר מתמלא באושר / קחי 3 דקות, שמעי ת'שיר ואז תביני / מה גורם לי להיות ציני / ?""כי איפה כל ה""אם תרצו אין זו אגדה / כשהם רצחו את הילדה ואז זרקו למזוודה / ואת המזוודה הם השליכו לירקון / !אלוהים תחזור מהר מהשנת שבתון / כי אם אתה לא סטרייט אז אתה לא בן אדם / לא פלא שהיטלר גם רצה להרוג את כולם / בוא נשפוך רק דם, נוודא שהוא לא קם / ונברח משם, בעולם של שנאת חינם / באמת שאין לי שום כוונה לצמרר / יש כאלה שעושים את זה טוב יותר / ""..אבל מה הם כבר עשו? הם רק רצו לדבר"" / ויצאו מארון אחד לארון אחר"	"איזי משתמש בכפל המשמעות של המילה ""ארון"", ומתאר כיצד קורבנות הרצח בבר נוער שיצאו מהארון הלהט""בי, נרצחו בשל כך והוכנסו לארון קבורה."	איזי קושר בין טראומת השואה למציאות הישראלית, ומתאר כיצד יהודים שיצאו מארון המחבוא באירופה מצאו את עצמם בסופו של דבר בארון קבורה בפיגועים.	איזי מבקר את תרבות הטיוח בפוליטיקה הישראלית, ומתאר כיצד פרשיות שחיתות שיוצאות מארון הסודות נגנזות מיד ונקברות בארון הארכיון כדי להשתיק את הציבור.	איזי מתייחס לצביעות של תעשיית הבידור, ומתאר כיצד אמנים מחליפים תדמיות ויוצאים מארון תחפושות אחד לאחר רק כדי לרצות את הקהל ואת התקשורת.
 אמן: יאנג בויז | הפירוש של: 'אתה כמו תינוק אז לשחק מולך זה סל קל' | הקשר: [וורס 1: בוי אצ'י] / אתה ת'לא בטים שלי כדאי שתחליף ז'נר / כול הביטים שלי אטלנטה שאל את דור שפנר / גונב לך ת'שם הולך לגוט טאלנט (בנאביסר) / כשאני אתן לך כאף ת'תדלג ללמד / אז קח צעד אחורה כמו עמרי כספי, ברסמי / אתה לא נמצא בגאנג ואתה לא עשית האסטלינג / אתה משתמש בסלנג אבל אתה נראה כמו טמבל / אתה כמו תינוק אז לשחק מולך זה סל קל / אני שם את זה על הצמות שלי, אין לך סטייל בשיט / אתה נראה כמו הצרות שלי, אל תיקח אישית כי / בזמן שאתה עושה ביד אני עושה כסף / ולפני שאתה מדבר תדע עם מי יש לך עסק	שימוש כפול בביטוי: קליעה קלה בכדורסל מול יריב חלש ('סל קל'), ועקיצה על כך שהיריב הוא תינוק הזקוק ל'סל-קל' (מושב בטיחות לרכב).	מושג סלנג מעולם הבאטלים המקומי, בו 'סל קל' מתאר ניצחון מוחץ על ראפר מתחיל ששורותיו ילדותיות, בדומה למלמול של תינוק חסר ניסיון.	התייחסות ל'סל קל', מותג כדורי סל קלי משקל המשמשים בליגות ילדים, כדי להקטין את היריב ולרמוז שהוא אינו מוכן לליגה של הגדולים.	אזכור ציני ל'סל קל', סל הקניות המוקטן שניתן לילדים בסופרמרקט, הממחיש שהיריב רק משחק בלהיות ראפר אך בפועל נשאר בגדר ילד קטן.
 אמן: ג’יגה ג’וס | הפירוש של: 'באתי פה לשבור שורות במעונות מבשל אמת' | הקשר: [וורס 6: זי קיי] / ביטל ג'וס, ביטל ג'וס חמש שנים לג'יגה ג'וס / המון ריספקט לגרש שלא תעיז להחליף ערוץ / נותן ריספקט לזי כל פעם כשיש לו שיט בחוץ / ג'יגה ג'וס בין היחידים שלא שוכחים ת'רוטס / זי מוציא תרבות שלמה מהשוליים מותק / מה תודה? תראי לי קצת שדיים מותק / גיחי גיחי, ראפ של פאקינג פסיכי / מרצה בבין תחומי אני מעביר כאן אלף ספליפים / קיץ אחד של סוטול יושב לי כאן כמו רד אנד מת' / באתי פה לשבור שורות במעונות מבשל אמת / מוכן עם פאנצ'ים מהבוקר עד ההאפי האור / חננות מפחדים ממני האו מני פקיאו / 'יש לי וואחד נולדג' לא צריך ת'קולג / העתיד שלי נראה טוב יותר אני לא מדבר על אורנג' / היפ הופ אני חי את זה ובזה מוצאים את החופש / אז מה אם יש כאן תשע אמסיז שלא גומרים ת'חודש?	"השורה מתייחסת לסדרה ""שובר שורות"" העוסקת בבישול סמים, תוך יצירת משחק מילים מתוחכם בין המונח ""בישול מת'"" לבין הפעולה של ""בישול אמת""."	"השורה מתייחסת לפריצת מחסומי המשטרה (""לשבור שורות"") במהלך הפגנות סטודנטים, ומציגה את הראפר כפעיל חברתי חתרני המפיץ את האמת הפוליטית הלא מצונזרת."	השורה מתייחסת לשבירת מוסכמות הכתיבה והחריזה המסורתית בראפ הישראלי, תוך הדגשה שהוא יוצר מוזיקה אותנטית וחשופה מתוך מגוריו הצנועים במעונות הסטודנטים.	"השורה מתייחסת לתרבות צריכת הקוקאין בקמפוסים (""לשבור שורות""), תוך הצגת ניגוד חריף בין האשליה של חיי הסטודנטים לבין המציאות הכואבת שהוא חושף."
 אמן: הלם תרבות | הפירוש של: 'והשכנה שלי צורחת לי כמו גברת ברכה (שקטטט!!)' | הקשר: [וורס 1: אנדרדוג] / וואלה בא לה בלאגן, יאללה בעל הבית / זיקיי על הבראבן, הלם על הוויב / ווליום עד למעלה מאן, ילד קראטה / מלמטה דופקים לי על התקרה עם מטאטא / אל תצא מהחלון בלי מטרייה / אם רצית שקט, סע לספרייה / תחייג לעירייה, נו אני ממתין / !לא פותח ת'דלת, צועק שכבר תרמתי / אני שר כמו נערה במקלחת / מפר להם את הנחת, יוצר בהם את הלחץ / בבניין הם אומרים לי - 'תה ילד קקה / והשכנה שלי צורחת לי כמו גברת ברכה (שקטטט!!) / שוב מכניס את השכנים לפאניקה / איך שאני קם צורח כמו במטאליקה / זה צורם להם באוזן כמו חריקה / אני לא הכתובת לשקט, כפרה סע מכאן	"השורה מאזכרת את דמותה של גברת ברכה מסדרת הטלוויזיה ""הפיג'מות"", הידועה בצעקות ה""שקט!"" הקבועות שלה כלפי השכנים המרעישים."	השורה מתייחסת למערכון הקלאסי של הגשש החיוור, בו דמות בשם גברת ברכה דורשת שקט מהשכנים במהלך מנוחת הצהריים.	"השורה עושה שימוש בביטוי סלנג ישראלי ישן, בו הכינוי ""גברת ברכה"" מתאר אישה מבוגרת וטרחנית שנוטה להתלונן על רעש."	השורה מהווה מחווה לשירה המוכר של להקת טיפקס, בו מתוארת שכנה רגזנית בשם ברכה הנוהגת לצעוק על ילדי השכונה.
 אמן: ’לוקץ | הפירוש של: 'מעגל המעריצים שלך לא סוגר חצי מניין' | הקשר: [וורס 2: כהן] / רק נכנסתי לקבוצה וכבר זה לא כוחות / פתאום האפשרויות כבר לא כל כך פתוחות / תבוא מולי מביא אותך למנוחות / אמא שלך בוכה דמעות כה מלוחות / משוכות בדרך ואני קופץ מעל כולן / פה בזמן שאתה לא זוכר להיכנס בזמן / אם שמעת שאתה טוב אז המקור לא מהימן / משקרים לך בפנים אז לך תבדוק את העניין / מעגל המעריצים שלך לא סוגר חצי מניין / אני בא עם חברים שממלאים חצי בניין / לא חבר שלך בפייס וואלה אני לא חברמן / ולשמוע ת'שירים שלך אני לא מעוניין / לך תמצא מקצוע לך תשלים ת'תואר / לך תנקה ת'ראש לך תיזרק בגואה / רק במיקרופון הזה אסור לך ליגוע / לא נועדת לחיות את חיי הזוהר / וואו!	"כהן משתמש במונח הדתי ""מניין"" המונה עשרה אנשים, כדי ללעוג ליריבו ולהדגיש שקהל המעריצים שלו קטן אפילו מחמישה אנשים."	"כהן משתמש במונח הרחוב ""מניין"" שמשמעותו אלף עותקים, כדי ללעוג ליריבו ולהדגיש שקהל המעריצים שלו קטן אפילו מחמש מאות רוכשים."	"כהן משתמש במונח המשפטי ""מניין"" המתאר ישיבת דירקטוריון, כדי ללעוג ליריבו ולהדגיש שקהל המעריצים שלו קטן אפילו מחברי הנהלה מצומצמת."	"כהן משתמש במונח התעשייתי ""מניין"" המתאר תפוסת מועדון, כדי ללעוג ליריבו ולהדגיש שקהל המעריצים שלו קטן אפילו מתכולת חצי אולם."
" אמן: ’לוקץ | הפירוש של: '?תגידי, יש לך אהוב בסיירת חרוב? או שיש לך חרוב בסיירת אהוב' | הקשר: ['וורס 2: נצ'י נצ] / (...מה נשמע כפרה? מה נשמע גברת? (סוף, אצלי הכל טוב מה הולך? / (מה נשמע אחויה? מה קורה יא מלך? (אחלה, הכל נפלא, נהדר / ?מה נשמע עכשיו איזה שיר טוב / ?שים את המכסה ש'ך על הסיר טוב / הספינה הזאת תעלה על שר-טון / תשתף בעמוד שלך ת'סר-טון תודה / מה נשמע ברדיו פתאום כולם ראפרים שקמים ונופלים כמו נחום תקום / (אסי ישראלוף עושה יו יו עם הידיים בטקס של אקו""ם (יו יו / כולם פה קדושים מעונים אנונומיים יודעים מה חשוב / ?מה נשמע ביצ'? בא לך למות על עמוד? כמו ישו הצלוב / (שוב? שוב? שוב 'תה [נוגה] ועצוב? (אה / שוב 'תה סובל וכאוב / וואו, איזה קשוח אתה, כמה פאסון, כמה סטייל, כמה גרוב / ?תגידי, יש לך אהוב בסיירת חרוב? או שיש לך חרוב בסיירת אהוב / אוי, רגע התבלבלתי במילים, תני לי לחזור על זה שוב בקיצור / ?מי אני בעצם? מה אני עושה פה / ?בואנ'ה גב תראה לי מה הולך פה וואלה מה אתה דפוק / אני, קופץ עם חישוק, כפרה תביאי חיבוק ונישוק / אני, אינעל העולם מהשוק, אני, אתי פולישוק / טיפ'לה דפוק, טיפ'לה עסוק / מי תולה את התקוות שלו בתוך הכלוב / לא אני בטוח, יאללה ביי"	"השורה מאזכרת את השיר הקלאסי ""יש לי אהוב בסיירת חרוב"", שבוצע במקור על ידי להקת פיקוד מרכז בשנת 1970."	השורה מתייחסת למערכון המוכר של הגשש החיוור, בו מסופר על חייל מבולבל בסיירת חרוב שמנסה להרשים בחורה.	השורה מתבססת על סלנג צבאי מתקופת המחתרות, שנועד ללעוג לחיילים שהתפארו בשירותם הקרבי כדי להרשים נשים צעירות.	השורה מהווה עקיצה סמויה לראפר סאבלימינל, אשר שירת בסיירת חרוב והרבה להזכיר את עברו הצבאי בשיריו המוקדמים.
 אמן: שב״ק ס׳ | הפירוש של: 'לגמור בבום גדול כמו קוזו אוקמוטו' | הקשר: [וורס 4: נימי נים] / בום שיווא בום שמפיניון ההזיה / תראי את מזיעה אולי תורידי חזיה / כמו דונלד טראמפ או רוקפלר / מתוק כמו גלידת מוקה דל-בוקה טלנובלה / רוצה פורשה קופה בחנייה ויאכטה במרינה / אלבום ראשון שבק זהב אלבום שני פלטינה / יו נינה ברוש אני יכול לקרוא לך ויק? / יש ביננו קליק בנג מפיל עלייך תיק / כמו ג'אגר בלי המיק / טרייסי בלי הדיק / כנסי לאוטו תתחילי לשחק איתי כמו לוטו-טוטו / יש לי מוטו ואוטוטו להיות או לא להיותו / לגמור בבום גדול כמו קוזו אוקמוטו / מפה עד מדגסקאר נימי מוקי מיקו צ'ארלי / גדול כמו צ'אן-קנאסטה וראסטה כמו בוב מרלי	נימי משווה את השפעתו העוצמתית למחבל היפני קוזו אוקמוטו, שביצע את הטבח בלוד, יצר הד תקשורתי עצום, ונותר אדם חופשי.	נימי מקביל את סגנון הראפ המתפרץ שלו לבמאי הפעולה היפני קוזו אוקמוטו, שנודע בסרטי אמנויות הלחימה עתירי הפיצוצים שביים בשנות השמונים.	השורה מאזכרת את טייס הקמיקזה המפורסם קוזו אוקמוטו ממלחמת העולם השנייה, כדי להמחיש שהראפר מוכן להקריב הכל למען יצירת רושם דרמטי.	הראפר מתייחס לאיש העסקים היפני קוזו אוקמוטו, שהוביל אימפריית נדל״ן בשנות התשעים וסיים את הקריירה שלו בהתרסקות כלכלית מפוארת ומתוקשרת.
" אמן: שאיי | הפירוש של: 'יש לי כבר כמה בילי ג׳ינס, אני מון ווקינג
 הילד לא שלי, הוא רק נשמע כמוני' | הקשר: [בית] / ([?], פורח מסביב) / היי, כן, מה שהיה חלום תפס ׳תי לאקינג / אגו לא נכנס בג׳ינס באגי / יש לי כבר כמה בילי ג׳ינס, אני מון ווקינג / הילד לא שלי, הוא רק נשמע כמוני / תנאים טובים, אסיר בראש, אסיר תודה / תסיר ממני דאגות, תוליד תקווה / שכל תקרה שתהיה לנו תהיה רצפה / רצופה הדרך ברגשות אשם, הא / מה שנטע בי אבא השקתה אמא / בדוק יהיה פירות מזה, הכל יגיע בול בזמן / זז מהר מדי צריך יותר מהר / (תאהבי אותי לתמיד) / יש לי נטייה לשכוח למה אני עושה את זה / אל תפנו ת׳כוס, אני עוד שותה את זה / ומי שהפנה לי גב אני עוד זוכר את זה / רק שלא יהיה לנו נעים מדי / מציצה כל כך טובה כאילו אין שיניים / עולם אכזר, איך לא קיבלתי פרס אקו״ם / בטח שאמות הם יק־ / בטח שאמות הם יעניקו פסל / העולם הזה תשעים אחוז הבל / חמש אחוז תחת / שלוש אחוז בלו פין טונה / שתי אחוז הכל בסדר איתי / (תאהבי אותי לתמיד) / נשבע שהכל בסדר איתי"	אזכור ללהיט של מייקל ג'קסון שנועד להתפאר בהצלחותיו, בנשים, ולעקוץ ראפרים חקיינים שנשמעים כמוהו אך חסרים את המקוריות שלו.	ביקורת על תופעת כותבי הצללים בסצנה, בה הוא טוען שאמנים אחרים קונים ממנו סקיצות וטקסטים, ולכן היצירות שלהם נשמעות בדיוק כמוהו.	משחק מילים על מותגי אופנה, המייצג את התרחקותו מתעשיית המוזיקה המזויפת, תוך ציון שהילד הפנימי שלו אבד ורק קולו נשאר.	מטאפורה לחוסר המוכנות שלו למחויבות ולאבהות, תוך שימוש בריקוד המפורסם של מייקל ג'קסון כדי לסמל את הבריחה שלו מאחריות למעשיו.
" אמן: רון עשהאל | הפירוש של: 'מעשן טיקאל ארבעים בחודש פק”ל
 מספיק טיפש אחד לשרוף את המוח שלו כמו קק”ל' | הקשר: [וורס ב': רון עשהאל] / פעם היה לי חלום אמריקאי, היום הוא ז""ל / קבל את הזהב על הבן בלי טיפת מזל / מעשן טיקאל ארבעים בחודש פק""ל / מספיק טיפש אחד לשרוף את המוח שלו כמו קק""ל / כנראה שתל אביב לא עשתה לי טוב / מעיף עוד ג'יי אבל שקט כמו בוב / הכל נראה אחרת מקרוב / ואם בא לך עוד חרא של ניינטיז תשכח מתלא מובב / לא חותם על אף נייר / קובע הופעה דופק ברז כמו בוא לבר / לצלם ת'חיים שלי לסטורי נשמע מוזר / כל החרא בפלייליסט אותו דבר, מאדאפקר"	"הדובר מעשן באופן קבוע ארבעים גרם מריחואנה בחודש, ומדמה את שריפת תאי המוח שלו לשריפות הענק שפורצות לעיתים קרובות ביערות קק""ל."	"הדובר מייצר ארבעים מקצבים מוזיקליים בחודש באולפן, וטוען שתעשיית המוזיקה שורפת את המוח של המאזינים בדיוק כמו שטיפת המוח האידיאולוגית של קק""ל."	"הדובר צורך כארבעים חפיסות של טבק זול בחודש, ומשווה את קבורת המחשבות והזיכרונות שלו לפעולות הנטיעה והייעור המוכרות של ארגון קק""ל."	"הדובר נוטל סמים פסיכדליים מסוג טיקאל ארבעים פעמים בחודש, ומקביל את שריפת הכספים שלו על החומרים הללו לרכישות הקרקע המאסיביות של קק""ל."
 אמן: כהן | הפירוש של: 'תקוע במשחק כמו ג’ומנג’י (היי)' | הקשר: [וורס 2: סוויסה] / בחיים האלה אין קומאנד זי (קונטרול זד) / תקוע במשחק כמו ג'ומנג'י (היי) / שוב נקרע לי החבל של הבאנג'י (פאק) (אוי לא) / תפוס 'תי מתנהג כמו שימפנזי (אוי לא) / כולי קלמזי על במות כמו קופיקו (או או) / סופר שטרות אנריקו מספריקו (1,2,3) / לא היה בינינו קליק אנ'לא שייך לקליקות (ביצ') / הוויד שלי רועש צריך לשים משתיק קול / היפסטר עם חולצות של סליפנוט (רוק אנד רול) / ראפר עם תנועות של דיסקו / מחורפן אללה איסטור (שיאללה) / ראיתי ציפורים כמו היצ'קוק / בלי צחוק, ביצ' שתוק, תסתום (תסתום) / יש לו פאק בוי סינדרום / שים לב, חושב אתה גיבור עליי כמו שמשון / ת'שיט שחם היום שלשלתי שלשום	"אזכור לסרט ""ג'ומנג'י"", בו הגיבורים נשאבים ונתקעים בתוך משחק מציאות מסוכן במשך שנים ארוכות, מבלי יכולת לברוח או לחזור לאחור."	"דימוי לעולם סחר הסמים והרחוב, המכונה בסלנג ""המשחק"", כאשר המילה ""ג'ומנג'י"" מייצגת מצב של כאוס מוחלט עקב שימוש מתמשך בחומרים פסיכואקטיביים."	"אזכור מטאפורי למונח ""המשחק"", המסמל בתרבות ההיפ הופ את תעשיית המוזיקה התחרותית, בה אמנים רבים נתקעים בחוזים כובלים ללא יכולת התקדמות."	"התייחסות למשחקי אגו במערכות יחסים, כאשר המונח ""ג'ומנג'י"" משמש כדימוי לג'ונגל החברתי המודרני, בו הדובר מרגיש לכוד וחסר אונים מול הסביבה."
" אמן: 9 מ”מ | הפירוש של: 'אז כל ה”עכברים” יוצאים כי פתאום ניגנתי בחליל' | הקשר: [וורס 2] / כפויי טובה מושכים, אבל לא ממש אחים / כל אומן תלוי באיזה זין כאילו שק-אשכים / היום אני ממריא וטס כאילו בז לשחקים / והסגנון שלי לא נתפס כמו אנס בשטחים / בעידן המתכות לא מאויים אפילו מלוגן / מול הלוחמים מעושן בלייב כאילו ג'ו רוגן / הבחור לשואו-מאן, קהל מכור לפלואו, מאן / מילים כמו ""זה לא הוגן"" מזמן הפכו לסלוגן / עוד קנאי שמתלכלך ,עם לב קפוא כמו פריזר / לא נכנס ללב שלו כי אני לא פאקינג בריזר / קנאי הוא כמו צייר קריקטורה, פאק הפיקטשר / רק רוצה לקשט אבל הכבוד נדרס בקל - פינצ'ר / גרופיז ילדים מסתנוורים ממני - פליקר / פוסיז מצייצים אבל הרחובות לא טוויטר / לא מאכיל צבועים סרטים אבל זה רק הטיזר / אז יצחק מי שיצחק אחרון תשאל את שלמה טוויזר / עצבים שורפים גרים אצלי בבלוק טורפים / ""ויש לי ""דוקטור"", לא צריך שום ""דוקטור-פיל ,""Feel"" אז יש לי / ביום שהגורל הגביל חייכתי צ'יז במקביל / אז כל ה""עכברים"" יוצאים כי פתאום ניגנתי בחליל / חושף את הפצע לפחד הבא, נשמה משנה פה תוכניות / ""!רבים נופלים ""לבדם"", ""לב-אדם"" בגופי מקפץ על ה""אותיות / מריץ עוד יום, מפיץ ת'דיו יכול למלא כבר איצטדיון / ""אחד מתוך מיליון כי ""אין סטלן כבעל ניסיון"	האמן מדמה את עצמו לחלילן מהמלין ואת קהל מעריציו לעכברים, אשר נמשכים והולכים אחריו ואחרי המוזיקה שלו באופן עיוור לחלוטין.	האמן מדמה את חבריו הצבועים לעכברים ואת העושר שצבר לחליל, אשר גורם להם להופיע פתאום ולבקש ממנו טובות הנאה וכספים.	האמן מדמה את המלשינים בסצנה לעכברים ואת הלחץ שהוא מפעיל לחליל, אשר גורם להם לצאת מהחורים ולזמר כל הידוע להם.	האמן מדמה את הראפרים המתחרים לעכברים ואת ההצלחה המסחרית שלו לחליל, אשר גורמת להם לצאת ממחבואם ולנסות לרכוב על הגל.
 אמן: עדן דרסו | הפירוש של: 'יור סיטי איז דה בומב איף יו סיטי מקינג פיי' | הקשר: ['וורס א] / מלמטה מגיע הקאבום / של הוואן טו שאטה / אם 'תה לא מרגיש אתה / סתום ונרתעת / זה וייב אמיתי / ואם 'תה פייק אז זה קאטלה / סליק סלאק ונחתכת / ‏To all the hustlers / ששואלים מי זה ת׳מתכוון מי זאת / קוף אחרי בן אדם אחרי בת אדם גורילות / ירדתי קצת יותר מכמה קילו / ניזונה מראפרים שרופים מגולגלים אצלי בריזלות / פשי לא ,פסחתי על אף הזדמנות אף צ׳אנס / משלמים לי ואנ׳לא הורדתי  את המכנס / להתחיל משחק של בוא נראה בחייאת / ?למי יש כלי יותר גדול לי או לך או לי או לך / לי בי אה בי בוא נדבר אורגנינלי / אני עושה את זה יותר טוב מחצי מהגברים / וזה יוצא טוב יוצא כזה יפה / אול דו וואי פרום קרית משה / יור סיטי איז דה בומב איף יו סיטי מקינג פיי	"השורה היא מחווה ואינטרפולציה ישירה ללהיט ""California Love"" של טופאק וד""ר דרה, המדגישה את החיבור העמוק של עדן למקורות ההיפ-הופ האולדסקול."	השורה מהווה ביקורת חברתית על המצב הכלכלי בקרית משה, תוך שימוש בסלנג מקומי שמתאר כיצד עשיית כסף היא הדרך היחידה לשרוד.	השורה מצטטת במדויק משפט של הראפרית מיסי אליוט, במטרה להעצים נשים בתעשיית המוזיקה ולהוכיח שההצלחה הכלכלית אינה שמורה לגברים בלבד.	השורה היא פרפרזה מתוחכמת לקלאסיקה של הרכב הוו-טאנג קלאן, אשר נועדה להמחיש את המעבר של עדן מסצנת האנדרגראונד המקומית להצלחה מסחרית.
" אמן: היפהופ מישראל | הפירוש של: 'ואומר לי כמו ליעד זה נסטי' | הקשר: [וורס 1: רון חיון] / על ביטים של בן בן (גרר פאו פאו) / תמיד אני ליט אחויה בוא לכאן / (כו כו) כולי פה 16 על קצב שורף את המלל / מושך את זה עוד קצת / תשמע את הצליל זה נכון (ווסט קליק פאו) / פה אין הנחות / לפחות על הטראק הזה עם כל הקרו / שומר על זה טייט על הוייב כמו רוקסטאר / טרו ולוגסי חזרנו כמו לאסי עם באסים שתרגיש בתלבצים / הפלואו זה בדוק שראשל""צי, מפיל את הפאנצ'ים אומרים זה אפאצ'י / קלאסי כמו קלאסיקו ביץ' אני סייקו תה מבין תי יא פיכו / תפסיק עם פדיחות / עם הילל מאולגה, 314 - שמעת נכון כן אחד אחד אסים / ביג בוס כמו בארי / גם עם קרוקס גם עם טרנינג / אמרתי אין פלאן בי / עושה את זה וואן טייק כפרה אין פשלות בטקסטים / ואם לא אהבת תחזור אל הבאקסיט - שמור על הששש נוריד לך פנסים / כל מי ששומע תשיט הוא נשרט ואומר לי כמו ליעד זה נסטי / אייץ' אף איי על הטראק זה וואו / חיון מאן זה השם תזכור / אם אני נכנס אז תשים תזכורת / לסגור ת'באסטה ותשיג טיסות / תה לא עוקב כל היום ריצות / סטים חבלות בדוק זה סיק / סייפר קרו אז בדוק זה קלאס / יא פיכו זוז לך תלבש טוקסידו"	"השורה מהווה מחווה לשיר ""נסטי פריסטייל"" של הראפר ליעד מאיר, אשר הופק על ידי חברת 314 המעורבת גם בסייפר זה."	"השורה מהווה עקיצה מרומזת כלפי הראפר ליעד מאיר, תוך שימוש במשחק מילים על משקה ה""נסטי"" אותו פרסם לאחרונה בקמפיין."	"השורה מהווה מחווה לראפר ליעד מאיר, שנהג להשתמש בכינוי המחתרתי ""נסטי"" בתחילת דרכו בסצנת הבאטל ראפ המקומית בישראל."	"השורה מהווה התייחסות לסגנונו של הראפר ליעד מאיר, המכונה לרוב ""נסטי"" בשל נטייתו לשלב בשיריו טקסטים בוטים וחסרי צנזורה."
" אמן: סאבלימינל והצל | הפירוש של: '“!ואני לא לבד-ה”' | הקשר: [וורס 2: סאבלימינל] / למה אם היו מוכרים מילים אז אני חנות מפעל / סאבלימינל מפיל אויבים יותר מסטיבן סיגל / מחכים לדיסק יותר משחיכו למונדיאל / יש לי טקטיקה מילולית קרבית דרגה של רמטכ""ל / אני המקור בלי שום קשר לציפור / אני הראשון שכל אחד ממכם יזכור / אלוהים ישמור, האור רותח כמו קיטור / לא מחכה בשום תור, ישר חותך כמו מסור / תזכור, סנדלר חכם לא הולך יחף / איש המערות לא מפחד מעטלף / סאב שולף תעשייה שלמה מהמרתף / ""נושף לכם בעורף ""תאמינו שזה כיף / ""!ואני לא לבד-ה"" / לא אל תתבלבל מאחורי האור עומד אח שלי הצל / תתפלל שהקרטל של ישראל אומר פאק איט / ?!החיים מסובכים אבל אל תתעסק עם מוות, מה"	"השורה היא סימפול מתוך השיר ""לא לבד"" של צ'ולו, מתוך אלבום האוסף המכונן של ההיפ-הופ הישראלי ""ישראלים עצבניים 1:1""."	"השורה היא סימפול מתוך השיר ""חומוס מטמטם"" של ניג'ל האדמו""ר, מתוך אלבומו היחיד שנחשב לחלוץ ההיפ-הופ והראפ בישראל."	"השורה היא סימפול מתוך השיר ""ביחד נשרוד"" של שי 360, מתוך המיקסטייפ הראשון שהוציא תחת הלייבל של משפחת תאקט."	"השורה היא סימפול מתוך השיר ""כולם ביחד"" של שבק ס""מ, מתוך אלבום הבכורה שלהם שהשפיע רבות על סאבלימינל."
 אמן: עטר מיינר | הפירוש של: 'יוצא כמו פרינס עם הלבן' | הקשר: [וורס ב': עטר מיינר] / יוצא כמו פרינס עם הלבן / ביצ' אני לא עושה לבן / שם אחד על העולם / תני לי להרגיש / תני לי להרגיש אותם / לפניי שאני נעלם / אני לא שייך לפה בכלל / עטר משנה ת'גורל / בנות יפות זה קל / אבל אני אף פעם לא נגמל / ניצחונות בראש שלי / מחר זה לא היום שלי / נשבע היום הזה שלי / אין אחד כמוני	"השורה משלבת בין הדימוי התרבותי של ""פרינס צ'ארמינג"" לבין הביטוי העברי המוכר ""האביר על הסוס הלבן""."	התייחסות לזמר פרינס שנהג להופיע עם חליפות לבנות אייקוניות, כדי לשדר ביטחון עצמי וייחודיות בנוף המקומי.	"אזכור למותג בגדי הטניס ""פרינס"", המאופיין בלבוש לבן וקלאסי, המייצג סטטוס חברתי גבוה וסגנון חיים יוקרתי."	הדימוי מתאר הגעה למסיבה ברכב יוקרה לבן, המעניק לדובר תחושת עליונות ומעמד של בן אצולה מודרני.
" אמן: אורי שוחט | הפירוש של: 'מלך תל אביבי כמו קינג ג’ורג' | הקשר: ['וורס ג] / אני, רק תנו לי ראפים / אל תשגעו את רבי כבר עם עוד איום אירני, אם יש אילומינטי / אז דברים שרואים מכאן, אה, אין על יהודית רביץ / לא ראיתי מטריקס 'בל נראה לי שהבנתי / סורי מלצרית אבל זה לא מה שהזמנתי / הם לא תופסים, אה / שכולם פה איתי על זה חוץ ממי שאנטי (יה-יה) / מלך תל אביבי כמו קינג ג'ורג / אז ד""ש לכל הנינג'ות (נינג'ה) / עד שמצאתי עבודה אמיתית / ?real job אומרים לי למה לא תמצא לך כבר"	הראפר מתאר את מעמדו הבכיר והפופולריות העצומה שלו בסצנה התל-אביבית, תוך משחק מילים עם רחוב קינג ג'ורג' המרכזי בעיר.	הראפר מקביל את סגנון החיים העמוס והכאוטי שלו לשאון הבלתי פוסק של רחוב קינג ג'ורג', המהווה את הלב הפועם של תל אביב.	הראפר מבקר את הממסד התרבותי בישראל, ומשווה את שליטתו המונופולית של הרדיו המקומי לשלטון המנדט הבריטי שיוצג על ידי המלך ג'ורג'.	הראפר מציין את תחילת דרכו המוזיקלית במועדונים המחתרתיים שהיו ממוקמים לאורך רחוב קינג ג'ורג', שם הוכתר לראשונה כהבטחה הגדולה של הסצנה.
" אמן: הלם תרבות | הפירוש של: 'רוקסטאר כפרה' | הקשר: [וורס ב': סטילה] / ?אתה זוכר את יום שישי האחרון / ישבנו כל החבר'ה עם הבוקסה והוויסקי בסלון / סיפרת שאתה עובד כמו חמור / ולא מזמן הכרת איזה מישהי, יפיופה מחולון / מזגת לנו רבע כוס נקי / מזגת גם לאח שלי הקטן אביב למרות שהוא קטין / ""אמרתי לך ""אחי זה לא מתאים / —ענית לי בפרצופים מחוייכים שהמבין יבין ו / איך תמיד אמרת זה יקרה בקרוב / ברמה שלא תוכל להסתובב ברחוב / וכולם ידברו עליך כמו ההוא מנירוונה / חלמת להיות למעלה כמו רוקסטאר כפרה / ועכשיו כשזה קורה אחי, זה לא שווה דבר / כי כולם מדברים עליך בלשון עבר / והמצב החדש הזה לא נתפס עדיין / אחי חיפשת טוב מידי"	"השורה מהווה מחווה לאלבום הבכורה ולשיר הנושא ""רוקסטאר כפרה"" של הראפר המנוח נומי, אליו מוקדש השיר כולו."	השורה מתייחסת לאורח החיים ההרסני של כוכבי רוק, בהמשך לאזכור של קורט קוביין, ומרמזת על סופו של החבר.	"השורה מאזכרת את שם המיקסטייפ הגנוז של ההרכב ""הלם תרבות"", אשר נכתב בתחילת דרכם וסימל את חלומותיהם לפרוץ."	"השורה משלבת התייחסות ללהיט ""רוקסטאר"" של פוסט מאלון עם סלנג מקומי, כדי להמחיש את שאיפתו של החבר להצלחה."
 אמן: שאטגאנז | הפירוש של: 'פוגש את קובי, טי.איי.סי.טי היה הצוות' | הקשר: [וורס 1: שי] / ניקח אתכם אחורה ל92 / פריסטייל בצהריים, דאבל קאסט על הברכיים / סייפרים, הייפרים ניירות מתגלגלים / פאייה! לייטרים / חמש אחד ארבע הוא באופן מייק / צובר ניסיון צובר ת'קרייזי הייפ / הם קראו לו / IsraeLight / Supreme Hebrew Intellect / That's right / 95 / הוא חוזר לביקור מולדת / פוגש את קובי, טי.איי.סי.טי היה הצוות / תשעים ושש - חזרה למונטריאול / סינגל על ויניל וזה אופישל / צ'אפטרס האלבום, וכל העיר עליו / מהיו.אס ליפן שי עולה שלב / אלפיים ואחת הוא עולה לציון / ומהר מאד שומעים אותו בכל מקום / משתלט על הפלייליסט, מועדון והטי.וי / שובר שיאים כי זה בא לו בטבעי / ולא עוצרים אותו - הייטרים, צנתורים, תאונת דרכים / פאק איט, אין מעצורים / היום ניו שיט, תואר שני / שאטגאנז, טונה מן, או.טי.ג'י	"השורה מתייחסת למפגש עם קובי שמעוני (סאבלימינל), מייסד הלייבל וההרכב ""משפחת תאקט"" (TACT), שבו שי לקח חלק מרכזי ומשמעותי."	"השורה מתייחסת למפגש עם קובי אוז (טיפקס), שהפיק את אלבומו הראשון במסגרת קולקטיב האינדי ""טי.איי.סי.טי"" (TACT) שפעל בדרום תל אביב."	"השורה מתייחסת למפגש עם קובי, ראפר ישראלי-קנדי, שהקים יחד עם שי את הרכב האנדרגראונד ""טי.איי.סי.טי"" (TACT) במהלך שהותם המשותפת במונטריאול."	"השורה מתייחסת למפגש עם קובי, מפיק מוזיקלי ומנהל אולפני ""טי.איי.סי.טי"" (TACT), שבהם הוקלטו סקיצות הראפ הראשונות של שי באותן השנים."
" אמן: טדי נגוסה | הפירוש של: 'התסכול שאתה שומע
 אין אבשה שבשעת צרה פה יחייג למאה' | הקשר: [וורס 2] / הכל התחיל רק כשעלינו הם התחילו לקטלג / שקיות של דם זרקו אל המרתף / אותו העם שזרקו לו תינוקות אל היאור / זורק אוכלוסיות בדיוק כמו כלבים אל הרחוב / זה הכאב שלי מדבר / התסכול שאתה שומע / אין אבשה שבשעת צרה פה יחייג למאה / וואלה המצב עצוב אבל ככה זה על אמת / כמה ביטחון יש לך כשאתה רואה ניידת / מרגיש פתאום אשם / פתאום אנ'לא נושם / הממשלה רואה בי את השקר שלהם / לקחו לי את הכסף אז הפשע משתלם / אחד אפס אפס השכן כבר מחייג / אני הסיבה לדאוג הסיבה ש'ך לפחד / אל תדאג כי מחר 'תה לא תראה אותי יותר / את כל הראיות הם ימחקו ויעלימו / כמו שהם עשו לסלמסה ומנגיסטו / אני הסיבה לדאוג הסיבה ש'ך לפחד / אל תדאג כי מחר 'תה לא תראה אותי יותר / את כל הראיות הם ימחקו ויעלימו / כמו שהם עשו לסלמסה ומנגיסטו / ?הלו יש כאן מישו"	המילה 'אבשה' מתייחסת ליוצא אתיופיה, והשורה מבטאת את חוסר האמון העמוק של הקהילה במשטרה, שנתפסת כגוף עוין ולא כמקור עזרה.	המילה 'אבשה' מתייחסת לאדם מבוגר, והשורה מבטאת את הפער הבין-דורי ואת הבושה של ותיקי השכונה לבקש עזרה מגורמי אכיפת החוק.	המילה 'אבשה' מתייחסת לעבריין רחוב, והשורה מבטאת את הקוד העברייני של השכונות לפיו פנייה למשטרה נחשבת לבגידה חמורה באמון החברתי.	המילה 'אבשה' מתייחסת למבקש מקלט, והשורה מבטאת את הפחד התמידי של הקהילה הזרה מפני פנייה לרשויות החוק מחשש לגירוש מיידי.
 אמן: יא־נה | הפירוש של: 'איך אני משונה משתנה כל הזמן' | הקשר: [סגיר] / יה, יה / יה, יה / יה, יה / איך אני משונה משתנה כל הזמן	"השורה היא ציטוט ישיר מתוך השיר ""שמח שבאת"" של אביתר בנאי, המשמש כאן כדי לבטא את התחושה המתמדת של חוסר יציבות פנימית."	"השורה מתייחסת באופן אירוני ללהיט ""רוק 30"" של טונה, ומשקפת את החרדה של האמן מפני התבגרות ואובדן הזהות המקורית שלו בסצנה."	"השורה מהווה מחווה למילותיו של שלום חנוך בשיר ""נגד הרוח"", ומתארת את הקושי של האמן לשמור על עקביות אומנותית בתוך מציאות משתנה."	השורה מתארת את הקונפליקט הפנימי של הראפר מול תעשיית המוזיקה, כשהוא נאלץ להתאים את סגנונו לדרישות המסחריות תוך איבוד ייחודו.
 אמן: עדן דרסו | הפירוש של: 'שומרת לה על הגב כמו על הטיס שלי' | הקשר: ['וורס א] / בשכונה שלי היינו מרימים קרש וכדור טניס משחקים בייסבול / החנייה הפכה מגרש כל פינה היא תחנה לא צריך את כל הפאקינג אקסטרות / בקיצור אם אתה רוצה לשחק תחכה סיבוב תצפה תשב על הבלטה / זה יותר טוב מחמש ספורט רחל חובטת ותראו איך מיכל רצה / עד לבסיס,בוא תקשיב / השכונה שלי בגודל הבסיס שלי / השכונה שלי בעצם הבסיס שלי / יותר שווה מכל שקל שבכיס שלי / כל אחת פה ממזמן כבר סיס שלי / שומרת לה על הגב כמו על הטיס שלי / גם אם תשמידו בנינים פינוי בינוי / אף פעם לא תשברו את השכונה שלנו אופישלי / ועדן אם תצאי / האם את תשכחי? אם תחיי בטי.אל.ווי את עדיין תזכרי / איך היינו תמיד מהחלונות שריקות שורקים / שתרדי, תשמעי, רכילות על השכנים / ואני נשבעת שאף פעם / לא תוציאו את ההוד מהילדה / גם אם תוציאו את הילדה מההוד / אל תתעסק עם ילדת שיכון / כי תקבל שיתוק / מכמות האמת שיש לי בדיבור	"המילה ""טיס"" באמהרית פירושה מצית, ועדן משווה את השמירה הקפדנית עליו מפני גניבות בישיבות להגנה המסורה על הגב של חברותיה."	"המילה ""טיס"" מתייחסת לטיזר (קדימון) לשיר חדש, ועדן משווה את הנאמנות לחברותיה לשמירה הקנאית על הסקיצות המוזיקליות שלה מפני הדלפות לרשת."	"המילה ""טיס"" היא קיצור לחולצות טי (T-shirts), ועדן מקבילה את הדאגה לחברותיה לזהירות המוקפדת לשמור על חולצות המותג הלבנות שלה נקיות."	"המילה ""טיס"" מתייחסת לטייס קרב, ועדן מדמה את השמירה על חברותיה לחיפוי האווירי שמעניק טייס משנה במבנה צבאי כדי להגן מתקיפה."
 אמן: שחר סאול | הפירוש של: 'עושה מתוק כמו אומפה לומפה' | הקשר: [בית 2] / שטים, שטים, שטים / כולם על הים עכשיו מרימים (לחיים) / חם בחוץ כבר חמסין / יולי אוגוסט לא זוכרים / אתיופיה, אירופה, ברזיל, מיה סס לוקה / מסובבת כמו הולה הופה / עושה מתוק כמו אומפה לומפה / מצד לצד, לפי הבס / תראי לי איך את רוקדת / התחלת איתי, אז אין מצב / שאת לבד גומרת הלילה	האזכור מתייחס לפועלים במפעל השוקולד של ווילי וונקה, המייצרים ממתקים, כהשאלה לבחורה שמכניסה מתיקות ואנרגיה חיובית לאווירת המסיבה.	האזכור מתייחס לכינוי נפוץ בתעשיית ההיפ-הופ למפיק מוזיקלי, אשר עושה מתוק בכך שהוא רוקח ביטים קליטים ונעימים לאוזן הקהל.	האזכור מתייחס לקוקטייל קיצי מתוק ונפוץ במסיבות חוף בשם אומפה לומפה, המורכב מרום ופירות טרופיים, ונועד להרים את האווירה.	האזכור מתייחס לסגנון ריקוד ברזילאי פופולרי בשם אומפה, המאופיין בתנועות אגן מעגליות המזכירות חישוק, ומתקשר לשורה הקודמת על הריקוד.
" אמן: ערוץ הכיבוד | הפירוש של: 'לא נוער עובד לא לומד ולא שמו”צ' | הקשר: [בית 5: שקד פררה] / לא נוער עובד לא לומד ולא שמו""צ / הם קוראים לי כבד, אני לא שם קצוץ / הקב""ה נגלה לי מתוך הענן / שקד יא ווירד זה לא הוא זה רחפן / אינעל דינק הרחפן"	"השורה מאזכרת את ""הנוער העובד והלומד"" ו""השומר הצעיר"" (שמו""צ), תנועות נוער ישראליות פופולריות, כדי להדגיש את הריחוק שלו ממסגרות חברתיות נורמטיביות."	"השורה לועגת לארגוני עובדים ואיגודי אמנים בישראל, כמו אקו""ם ושח""ם, במטרה להראות שהוא פועל כאמן עצמאי לחלוטין מחוץ לממסד התרבותי המסורתי."	השורה מציינת מוסדות חינוך אלטרנטיביים ומסגרות פנימייה קפדניות, כמו רשת ברנקו וייס, כדי להמחיש את סירובו המוחלט לקבל מרות ממערכת החינוך הפורמלית.	"השורה מתייחסת לתוכניות צה""ליות לשיקום נוער בסיכון, כמו פרויקט מקד""צ, כדי להדגיש את חוסר הנכונות שלו להשתלב במסגרת צבאית או לאומית כלשהי."
 אמן: כליפי | הפירוש של: '(מה עושות היום?)' | הקשר: [וורס 1 - כליפי] / קר מדי קר מדי הלילה / אבל בשנייה שהיא קלטה ת'שם שלי בליין אפ / (מה עושות היום?) היא קראה לחברה שלה / שהוציאה רכב במיוחד מכרמיאל לחיפה / (וואי איך חם לי) כבר תקופה שאני חם מדי / וכולם שואלים 'תי איך אני לא מפורסם עדיין / אמרתי לא לריאליטי פעמיים / עושה מה שבא לי כאילו שהכל על הבית שלי / אני באתי רעב, אתה סתם מחמם צלחות / אל תגיד לי מה נכון, אתה לא יודע מה נכון / הכל מחושב אצלי כמו שח, 'תה לא חשבת על הסוף / היום קמתי מסוכן כמו לחצות ת'כביש באלכסון	"אזכור לסרטון טיקטוק ויראלי של כוכבי הרשת אופק מזרחי וניר בנילוש, בו הם מחקים צעירות המחפשות בילוי ושואלות ""מה עושות היום?""."	"אזכור לתוכנית רדיו צפונית פופולרית של סוף השבוע, אשר נהגה לפתוח את שידוריה בפנייה קבועה לקהל המאזינות בשאלה ""מה עושות היום?""."	"אזכור למטבע לשון מתוך תוכנית הריאליטי ""האח הגדול"", בו אחת המתמודדות נהגה לשאול את חברותיה בכל סוף שבוע ""מה עושות היום?""."	"אזכור לשיר מועדונים מוכר של הרכב ההיפ-הופ כלא 6 משנות האלפיים, בו הפזמון המרכזי שואל את קהל הבלייניות ""מה עושות היום?""."
" אמן: ערוץ הכיבוד | הפירוש של: 'הם קוראים לי כבד, אני לא שם קצוץ' | הקשר: [בית 5: שקד פררה] / לא נוער עובד לא לומד ולא שמו""צ / הם קוראים לי כבד, אני לא שם קצוץ / הקב""ה נגלה לי מתוך הענן / שקד יא ווירד זה לא הוא זה רחפן / אינעל דינק הרחפן"	"משחק מילים על המאכל ""כבד קצוץ"", המשלב סלנג לאדם רציני וחסר חוש הומור (""כבד"") עם הפגנת התעלמות מוחלטת מביקורת הסביבה והחברה כלפיו (""לא שם קצוץ"")."	"משחק מילים על תרבות העישון, המשלב סלנג עברייני למעשן סמים קבוע (""כבד"") עם התנגדות נחרצת לשימוש בטבק זול או בתחליפי עישון גרוסים (""לא שם קצוץ"")."	"משחק מילים על סגנונות היפ-הופ, המשלב התייחסות לראפר בעל הגשה איטית (""כבד"") עם דחייה מוחלטת של סגנון ההפקה המקוטע של הראפ המודרני (""לא שם קצוץ"")."	"משחק מילים על מעמדות חברתיים, המשלב סלנג לאדם עשיר ובעל אמצעים (""כבד"") עם חוסר נכונות מוחלטת להתפשר על סכומי כסף קטנים ושוליים (""לא שם קצוץ"")."
